Topic ID,Topic label,Topic categories,Rights topic,Institution topic,# Provincial Urban,Scaled Provincial Urban,% Provincial Urban,# Provincial Rural,Scaled Provincial Rural,% Provincial Rural,# Provincial Mixed,Scaled Provincial Mixed,% Provincial Mixed,# ELA Urban,Scaled ELA Urban,% ELA Urban,# ELA Rural,Scaled ELA Rural,% ELA Rural,# ELA Mixed,Scaled ELA Mixed,% ELA Mixed
abide,Constitutional adherence,Rights and Duties,1,0,95,0.015854472630173564,1.59,12,0.017266187050359712,1.73,2,0.011111111111111112,1.11,872,0.019013147853389444,1.9,94,0.01650860554970144,1.65,63,0.01547911547911548,1.55
access,Territory accession,Federalism,0,1,0,0.0,0.0,0,0.0,0.0,0,0.0,0.0,2,4.360813727841615e-05,0.0,0,0.0,0.0,0,0.0,0.0
acfree,Academic freedom,Rights and Duties,1,0,2,0.0003337783711615487,0.03,0,0.0,0.0,0,0.0,0.0,17,0.0003706691668665373,0.04,3,0.0005268703898840885,0.05,1,0.0002457002457002457,0.02
achighed,Higher education,Rights and Duties,1,0,1,0.00016688918558077436,0.02,0,0.0,0.0,0,0.0,0.0,10,0.00021804068639208075,0.02,4,0.0007024938531787847,0.07,1,0.0002457002457002457,0.02
adage,Administrative court age,Judiciary,0,1,0,0.0,0.0,0,0.0,0.0,0,0.0,0.0,1,2.1804068639208077e-05,0.0,0,0.0,0.0,0,0.0,0.0
adres,Administrative court eligibility,Judiciary,0,1,0,0.0,0.0,0,0.0,0.0,0,0.0,0.0,4,8.72162745568323e-05,0.01,0,0.0,0.0,0,0.0,0.0
adsel,Administrative court selection,Judiciary,0,1,0,0.0,0.0,0,0.0,0.0,0,0.0,0.0,4,8.72162745568323e-05,0.01,1,0.00017562346329469617,0.02,1,0.0002457002457002457,0.02
adterm,Administrative court term length,Judiciary,0,1,0,0.0,0.0,0,0.0,0.0,0,0.0,0.0,0,0.0,0.0,0,0.0,0.0,0,0.0,0.0
adtermn,Administrative court term limits,Judiciary,0,1,0,0.0,0.0,0,0.0,0.0,0,0.0,0.0,0,0.0,0.0,0,0.0,0.0,0,0.0,0.0
amend,Constitution amendment,Amendment,0,1,222,0.03704939919893191,3.7,29,0.041726618705035974,4.17,8,0.044444444444444446,4.44,1506,0.03283692737064736,3.28,144,0.02528977871443625,2.53,94,0.023095823095823097,2.31
amparo,Amparo,"Rights and Duties,Judiciary",0,1,0,0.0,0.0,0,0.0,0.0,0,0.0,0.0,0,0.0,0.0,0,0.0,0.0,0,0.0,0.0
anthem,Anthem,Principles and Symbols,0,0,0,0.0,0.0,0,0.0,0.0,0,0.0,0.0,0,0.0,0.0,0,0.0,0.0,0,0.0,0.0
appeal,Appeal,Rights and Duties,1,0,0,0.0,0.0,0,0.0,0.0,0,0.0,0.0,0,0.0,0.0,0,0.0,0.0,0,0.0,0.0
arms,Bear arms,Rights and Duties,1,0,0,0.0,0.0,0,0.0,0.0,0,0.0,0.0,0,0.0,0.0,0,0.0,0.0,0,0.0,0.0
artists,Art,Principles and Symbols,0,0,0,0.0,0.0,0,0.0,0.0,0,0.0,0.0,0,0.0,0.0,0,0.0,0.0,0,0.0,0.0
assem,Freedom of assembly,Rights and Duties,1,0,4,0.0006675567423230974,0.07,0,0.0,0.0,0,0.0,0.0,19,0.0004142773041449534,0.04,4,0.0007024938531787847,0.07,3,0.0007371007371007371,0.07
assets,Legislator asset disclosure,Legislature,0,1,0,0.0,0.0,0,0.0,0.0,0,0.0,0.0,0,0.0,0.0,0,0.0,0.0,0,0.0,0.0
assoc,Freedom of association,Rights and Duties,1,0,3,0.0005006675567423231,0.05,0,0.0,0.0,0,0.0,0.0,17,0.0003706691668665373,0.04,1,0.00017562346329469617,0.02,0,0.0,0.0
asylum,Stateless persons,Rights and Duties,1,0,0,0.0,0.0,0,0.0,0.0,0,0.0,0.0,0,0.0,0.0,0,0.0,0.0,0,0.0,0.0
atgen,Attorney general,Executive,0,1,0,0.0,0.0,0,0.0,0.0,0,0.0,0.0,2,4.360813727841615e-05,0.0,0,0.0,0.0,0,0.0,0.0
attend,Legislator attendance,Legislature,0,1,5,0.0008344459279038719,0.08,1,0.0014388489208633094,0.14,0,0.0,0.0,76,0.0016571092165798137,0.17,8,0.0014049877063575693,0.14,7,0.0017199017199017199,0.17
auth,Source of constitutional authority,Principles and Symbols,0,0,1,0.00016688918558077436,0.02,0,0.0,0.0,0,0.0,0.0,26,0.00056690578461941,0.06,1,0.00017562346329469617,0.02,1,0.0002457002457002457,0.02
balbudgt,Balanced budget,Legislature,0,1,0,0.0,0.0,0,0.0,0.0,0,0.0,0.0,0,0.0,0.0,0,0.0,0.0,0,0.0,0.0
bank,Bank,Regulation and Oversight,0,1,0,0.0,0.0,0,0.0,0.0,0,0.0,0.0,0,0.0,0.0,0,0.0,0.0,0,0.0,0.0
binding,Binding effect of rights,Rights and Duties,1,0,1,0.00016688918558077436,0.02,0,0.0,0.0,0,0.0,0.0,14,0.00030525696094891306,0.03,0,0.0,0.0,0,0.0,0.0
budget,Budget law,Legislature,0,1,0,0.0,0.0,0,0.0,0.0,0,0.0,0.0,0,0.0,0.0,0,0.0,0.0,0,0.0,0.0
busines,Business,Rights and Duties,1,0,0,0.0,0.0,0,0.0,0.0,0,0.0,0.0,1,2.1804068639208077e-05,0.0,0,0.0,0.0,0,0.0,0.0
cabdiss,Cabinet/minister removal,Executive,0,1,1,0.00016688918558077436,0.02,0,0.0,0.0,0,0.0,0.0,1,2.1804068639208077e-05,0.0,0,0.0,0.0,0,0.0,0.0
cabinet,Cabinet/ministers,Executive,0,1,0,0.0,0.0,0,0.0,0.0,0,0.0,0.0,13,0.000283452892309705,0.03,2,0.00035124692658939234,0.04,1,0.0002457002457002457,0.02
cabpow,Cabinet/minister powers,Executive,0,1,12,0.0020026702269692926,0.2,1,0.0014388489208633094,0.14,0,0.0,0.0,47,0.0010247912260427795,0.1,4,0.0007024938531787847,0.07,3,0.0007371007371007371,0.07
cabrest,Cabinet/minister eligibility,Executive,0,1,1,0.00016688918558077436,0.02,0,0.0,0.0,0,0.0,0.0,1,2.1804068639208077e-05,0.0,0,0.0,0.0,0,0.0,0.0
cabsel,Cabinet/minister selection,Executive,0,1,0,0.0,0.0,0,0.0,0.0,0,0.0,0.0,1,2.1804068639208077e-05,0.0,0,0.0,0.0,0,0.0,0.0
camppubf,Campaign financing,Elections,0,1,1,0.00016688918558077436,0.02,0,0.0,0.0,0,0.0,0.0,0,0.0,0.0,0,0.0,0.0,0,0.0,0.0
capital,Capital,Principles and Symbols,0,0,0,0.0,0.0,0,0.0,0.0,0,0.0,0.0,0,0.0,0.0,0,0.0,0.0,0,0.0,0.0
cappun,Death penalty,Rights and Duties,1,0,2,0.0003337783711615487,0.03,0,0.0,0.0,0,0.0,0.0,20,0.0004360813727841615,0.04,3,0.0005268703898840885,0.05,2,0.0004914004914004914,0.05
cc,Counter corruption commission,Regulation and Oversight,0,1,0,0.0,0.0,0,0.0,0.0,0,0.0,0.0,0,0.0,0.0,0,0.0,0.0,0,0.0,0.0
census,Census,Elections,0,1,0,0.0,0.0,0,0.0,0.0,0,0.0,0.0,0,0.0,0.0,0,0.0,0.0,0,0.0,0.0
childpro,Children,Rights and Duties,1,0,0,0.0,0.0,0,0.0,0.0,0,0.0,0.0,0,0.0,0.0,0,0.0,0.0,0,0.0,0.0
childwrk,Child employment,Rights and Duties,1,0,0,0.0,0.0,0,0.0,0.0,0,0.0,0.0,1,2.1804068639208077e-05,0.0,1,0.00017562346329469617,0.02,0,0.0,0.0
citdep,Citizen deportation,Culture and Identity,0,0,1,0.00016688918558077436,0.02,0,0.0,0.0,0,0.0,0.0,3,6.541220591762422e-05,0.01,0,0.0,0.0,0,0.0,0.0
citizen,Birthright citizenship,Culture and Identity,0,0,0,0.0,0.0,0,0.0,0.0,0,0.0,0.0,1,2.1804068639208077e-05,0.0,0,0.0,0.0,0,0.0,0.0
citren,Citizenship renunciation,"Rights and Duties,Culture and Identity",0,0,1,0.00016688918558077436,0.02,2,0.0028776978417266188,0.29,0,0.0,0.0,9,0.0001962366177528727,0.02,0,0.0,0.0,0,0.0,0.0
citrev,Citizenship revocation,Culture and Identity,0,0,0,0.0,0.0,0,0.0,0.0,0,0.0,0.0,6,0.00013082441183524845,0.01,0,0.0,0.0,1,0.0002457002457002457,0.02
civil,Civil service recruitment,Principles and Symbols,0,0,0,0.0,0.0,0,0.0,0.0,0,0.0,0.0,0,0.0,0.0,0,0.0,0.0,0,0.0,0.0
civilmil,Defense minister eligibility,Executive,0,1,0,0.0,0.0,0,0.0,0.0,0,0.0,0.0,1,2.1804068639208077e-05,0.0,0,0.0,0.0,0,0.0,0.0
civmar,Civil marriage,Rights and Duties,1,0,0,0.0,0.0,0,0.0,0.0,0,0.0,0.0,0,0.0,0.0,0,0.0,0.0,0,0.0,0.0
colony,Colonies,Principles and Symbols,0,0,0,0.0,0.0,0,0.0,0.0,0,0.0,0.0,0,0.0,0.0,0,0.0,0.0,0,0.0,0.0
comchief,Commander in chief,Executive,0,1,2,0.0003337783711615487,0.03,0,0.0,0.0,0,0.0,0.0,0,0.0,0.0,0,0.0,0.0,0,0.0,0.0
commit,Legislative committees,Legislature,0,1,1,0.00016688918558077436,0.02,0,0.0,0.0,0,0.0,0.0,7,0.00015262848047445653,0.02,0,0.0,0.0,1,0.0002457002457002457,0.02
compvote,Compulsory voting,Elections,0,1,42,0.007009345794392523,0.7,10,0.014388489208633094,1.44,3,0.016666666666666666,1.67,581,0.012668163879379891,1.27,108,0.018967334035827187,1.9,71,0.017444717444717445,1.74
conage,Constitutional court age,Judiciary,0,1,1,0.00016688918558077436,0.02,0,0.0,0.0,0,0.0,0.0,7,0.00015262848047445653,0.02,0,0.0,0.0,2,0.0004914004914004914,0.05
concop,Constitutional court opinions,Judiciary,0,1,13,0.0021695594125500667,0.22,1,0.0014388489208633094,0.14,1,0.005555555555555556,0.56,221,0.004818699169264985,0.48,24,0.004214963119072708,0.42,19,0.004668304668304668,0.47
conlim,Constitutional court term limits,Judiciary,0,1,6,0.0010013351134846463,0.1,0,0.0,0.0,1,0.005555555555555556,0.56,162,0.003532259119551708,0.35,18,0.003161222339304531,0.32,12,0.0029484029484029483,0.29
conpow,Constitutional court powers,Judiciary,0,1,415,0.06925901201602136,6.93,31,0.04460431654676259,4.46,8,0.044444444444444446,4.44,2260,0.049277195124610255,4.93,267,0.04689146469968388,4.69,190,0.04668304668304668,4.67
conrem,Constitutional court removal,Judiciary,0,1,127,0.021194926568758345,2.12,11,0.015827338129496403,1.58,7,0.03888888888888889,3.89,1037,0.022610819178858776,2.26,113,0.019845451352300668,1.98,71,0.017444717444717445,1.74
conres,Constitutional court eligibility,Judiciary,0,1,40,0.006675567423230975,0.67,1,0.0014388489208633094,0.14,1,0.005555555555555556,0.56,594,0.012951616771689597,1.3,72,0.012644889357218124,1.26,47,0.011547911547911549,1.15
conright,Consumers,Rights and Duties,1,0,0,0.0,0.0,0,0.0,0.0,0,0.0,0.0,1,2.1804068639208077e-05,0.0,0,0.0,0.0,0,0.0,0.0
consel,Constitutional court selection,Judiciary,0,1,26,0.0043391188251001335,0.43,1,0.0014388489208633094,0.14,3,0.016666666666666666,1.67,229,0.00499313171837865,0.5,22,0.003863716192483316,0.39,15,0.0036855036855036856,0.37
conterm,Constitutional court term length,Judiciary,0,1,5,0.0008344459279038719,0.08,0,0.0,0.0,1,0.005555555555555556,0.56,110,0.0023984475503128883,0.24,14,0.0024587284861257463,0.25,9,0.0022113022113022115,0.22
corppun,Corporal punishment,Rights and Duties,1,0,0,0.0,0.0,0,0.0,0.0,0,0.0,0.0,0,0.0,0.0,0,0.0,0.0,0,0.0,0.0
couns,Counsel,Rights and Duties,1,0,0,0.0,0.0,0,0.0,0.0,0,0.0,0.0,1,2.1804068639208077e-05,0.0,0,0.0,0.0,0,0.0,0.0
cruelty,Cruel treatment,Rights and Duties,1,0,0,0.0,0.0,0,0.0,0.0,0,0.0,0.0,0,0.0,0.0,0,0.0,0.0,0,0.0,0.0
cultrght,Culture,Rights and Duties,1,0,12,0.0020026702269692926,0.2,1,0.0014388489208633094,0.14,0,0.0,0.0,50,0.0010902034319604037,0.11,8,0.0014049877063575693,0.14,2,0.0004914004914004914,0.05
custlaw,Customary international law,International Law,0,1,0,0.0,0.0,0,0.0,0.0,0,0.0,0.0,2,4.360813727841615e-05,0.0,0,0.0,0.0,0,0.0,0.0
debtors,Debtors,Rights and Duties,1,0,0,0.0,0.0,0,0.0,0.0,0,0.0,0.0,0,0.0,0.0,0,0.0,0.0,0,0.0,0.0
democ,Democracy,Principles and Symbols,0,0,410,0.06842456608811749,6.84,52,0.07482014388489208,7.48,14,0.07777777777777778,7.78,2747,0.05989577655190458,5.99,353,0.06199508254302775,6.2,258,0.06339066339066339,6.34
depexec,Deputy executive,Executive,0,1,2,0.0003337783711615487,0.03,0,0.0,0.0,0,0.0,0.0,24,0.0005232976473409938,0.05,3,0.0005268703898840885,0.05,2,0.0004914004914004914,0.05
devlpers,Personality development,Rights and Duties,1,0,1,0.00016688918558077436,0.02,0,0.0,0.0,0,0.0,0.0,8,0.0001744325491136646,0.02,1,0.00017562346329469617,0.02,1,0.0002457002457002457,0.02
dignity,Human dignity,Rights and Duties,1,0,14,0.002336448598130841,0.23,3,0.004316546762589928,0.43,2,0.011111111111111112,1.11,176,0.0038375160805006214,0.38,13,0.00228310502283105,0.23,11,0.002702702702702703,0.27
district,Electoral districts,Elections,0,1,6,0.0010013351134846463,0.1,0,0.0,0.0,0,0.0,0.0,68,0.0014826766674661492,0.15,17,0.002985598876009835,0.3,7,0.0017199017199017199,0.17
divhouse,Legislative division of labor,Legislature,0,1,0,0.0,0.0,0,0.0,0.0,0,0.0,0.0,1,2.1804068639208077e-05,0.0,0,0.0,0.0,0,0.0,0.0
doubjep,Double jeopardy,Rights and Duties,1,0,0,0.0,0.0,0,0.0,0.0,0,0.0,0.0,1,2.1804068639208077e-05,0.0,0,0.0,0.0,0,0.0,0.0
dueproc,Due process,Rights and Duties,1,0,0,0.0,0.0,0,0.0,0.0,0,0.0,0.0,0,0.0,0.0,0,0.0,0.0,0,0.0,0.0
ecage,Electoral court age,"Judiciary,Elections,Regulation and Oversight",0,1,1,0.00016688918558077436,0.02,0,0.0,0.0,0,0.0,0.0,16,0.0003488650982273292,0.03,3,0.0005268703898840885,0.05,3,0.0007371007371007371,0.07
ecom,Electoral commission,"Elections,Regulation and Oversight",0,1,0,0.0,0.0,0,0.0,0.0,0,0.0,0.0,1,2.1804068639208077e-05,0.0,0,0.0,0.0,0,0.0,0.0
econplan,Economic plans,Legislature,0,1,0,0.0,0.0,0,0.0,0.0,0,0.0,0.0,0,0.0,0.0,0,0.0,0.0,0,0.0,0.0
ecpow,Electoral court powers,"Judiciary,Elections,Regulation and Oversight",0,1,3,0.0005006675567423231,0.05,2,0.0028776978417266188,0.29,1,0.005555555555555556,0.56,46,0.0010029871574035714,0.1,12,0.002107481559536354,0.21,5,0.0012285012285012285,0.12
ecrdet,Electoral court removal,"Judiciary,Elections,Regulation and Oversight",0,1,29,0.0048397863818424565,0.48,6,0.008633093525179856,0.86,2,0.011111111111111112,1.11,308,0.006715653140876087,0.67,50,0.008781173164734809,0.88,29,0.007125307125307125,0.71
ecres,Electoral court eligibility,"Judiciary,Elections,Regulation and Oversight",0,1,8,0.0013351134846461949,0.13,0,0.0,0.0,1,0.005555555555555556,0.56,84,0.0018315417656934784,0.18,25,0.0043905865823674044,0.44,6,0.0014742014742014742,0.15
ecsel,Electoral court selection,"Judiciary,Elections,Regulation and Oversight",0,1,12,0.0020026702269692926,0.2,3,0.004316546762589928,0.43,1,0.005555555555555556,0.56,130,0.00283452892309705,0.28,23,0.004039339655778012,0.4,13,0.0031941031941031942,0.32
ecterm,Electoral court term length,"Judiciary,Elections,Regulation and Oversight",0,1,2,0.0003337783711615487,0.03,0,0.0,0.0,1,0.005555555555555556,0.56,19,0.0004142773041449534,0.04,5,0.0008781173164734809,0.09,3,0.0007371007371007371,0.07
ecterml,Electoral court term limits,"Judiciary,Elections,Regulation and Oversight",0,1,3,0.0005006675567423231,0.05,0,0.0,0.0,1,0.005555555555555556,0.56,24,0.0005232976473409938,0.05,7,0.0012293642430628731,0.12,5,0.0012285012285012285,0.12
edcomp,Compulsory education,Rights and Duties,1,0,0,0.0,0.0,0,0.0,0.0,0,0.0,0.0,1,2.1804068639208077e-05,0.0,1,0.00017562346329469617,0.02,0,0.0,0.0
edfree,Free education,Rights and Duties,1,0,6,0.0010013351134846463,0.1,0,0.0,0.0,0,0.0,0.0,54,0.001177419706517236,0.12,5,0.0008781173164734809,0.09,5,0.0012285012285012285,0.12
electsch,Election schedule,Elections,0,1,0,0.0,0.0,0,0.0,0.0,0,0.0,0.0,0,0.0,0.0,0,0.0,0.0,0,0.0,0.0
em,Emergencies,Executive,0,1,0,0.0,0.0,0,0.0,0.0,0,0.0,0.0,1,2.1804068639208077e-05,0.0,0,0.0,0.0,0,0.0,0.0
env,Environment,Rights and Duties,1,0,378,0.0630841121495327,6.31,36,0.051798561151079135,5.18,7,0.03888888888888889,3.89,1659,0.0361729498724462,3.62,227,0.03986652616789603,3.99,192,0.04717444717444717,4.72
equal,Equality before the law,Rights and Duties,1,0,551,0.09195594125500668,9.2,61,0.08776978417266187,8.78,11,0.06111111111111111,6.11,3946,0.08603885485031507,8.6,462,0.08113804004214963,8.11,364,0.08943488943488943,8.94
equalgr1,Equality regardless of gender,Rights and Duties,1,0,429,0.0715954606141522,7.16,72,0.10359712230215827,10.36,16,0.08888888888888889,8.89,3736,0.08146000043608137,8.15,521,0.09149982437653671,9.15,339,0.0832923832923833,8.33
equalgr10,Equality regardless of skin color,Rights and Duties,1,0,96,0.01602136181575434,1.6,19,0.027338129496402876,2.73,4,0.022222222222222223,2.22,1161,0.025314523690120577,2.53,163,0.028626624517035477,2.86,121,0.02972972972972973,2.97
equalgr11,Equality regardless of creed or belief,"Rights and Duties,Culture and Identity",0,0,156,0.0260347129506008,2.6,13,0.01870503597122302,1.87,2,0.011111111111111112,1.11,927,0.020212371628545885,2.02,91,0.01598173515981735,1.6,88,0.021621621621621623,2.16
equalgr12,Equality regardless of social status,Rights and Duties,1,0,23,0.0038384512683578105,0.38,2,0.0028776978417266188,0.29,0,0.0,0.0,198,0.004317205590563199,0.43,25,0.0043905865823674044,0.44,14,0.0034398034398034397,0.34
equalgr13,Equality regardless of financial status,Rights and Duties,1,0,1,0.00016688918558077436,0.02,0,0.0,0.0,0,0.0,0.0,2,4.360813727841615e-05,0.0,0,0.0,0.0,0,0.0,0.0
equalgr14,Equality regardless of tribe or clan,"Rights and Duties,Culture and Identity",0,0,9,0.0015020026702269693,0.15,0,0.0,0.0,0,0.0,0.0,56,0.0012210278437956522,0.12,4,0.0007024938531787847,0.07,1,0.0002457002457002457,0.02
equalgr15,Equality regardless of political party,"Rights and Duties,Elections",0,1,20,0.0033377837116154874,0.33,3,0.004316546762589928,0.43,0,0.0,0.0,146,0.0031833940213243793,0.32,10,0.0017562346329469617,0.18,11,0.002702702702702703,0.27
equalgr16,Equality regardless of parentage,Rights and Duties,1,0,73,0.012182910547396529,1.22,3,0.004316546762589928,0.43,1,0.005555555555555556,0.56,595,0.012973420840328806,1.3,61,0.010713031260976466,1.07,54,0.013267813267813268,1.33
equalgr2,Equality regardless of nationality,"Rights and Duties,Culture and Identity",0,0,18,0.0030040053404539386,0.3,3,0.004316546762589928,0.43,1,0.005555555555555556,0.56,262,0.005712665983472516,0.57,18,0.003161222339304531,0.32,17,0.004176904176904177,0.42
equalgr3,Equality regardless of origin,"Rights and Duties,Culture and Identity",0,0,15,0.0025033377837116156,0.25,2,0.0028776978417266188,0.29,0,0.0,0.0,170,0.003706691668665373,0.37,9,0.0015806111696522655,0.16,12,0.0029484029484029483,0.29
equalgr4,Equality regardless of race,"Rights and Duties,Culture and Identity",0,0,271,0.045226969292389854,4.52,41,0.058992805755395686,5.9,8,0.044444444444444446,4.44,2867,0.06251226478860955,6.25,341,0.05988760098349139,5.99,266,0.06535626535626536,6.54
equalgr5,Equality regardless of language,"Rights and Duties,Culture and Identity",0,0,4,0.0006675567423230974,0.07,0,0.0,0.0,0,0.0,0.0,34,0.0007413383337330746,0.07,1,0.00017562346329469617,0.02,1,0.0002457002457002457,0.02
equalgr6,Equality regardless of religion,"Rights and Duties,Culture and Identity",0,0,437,0.0729305740987984,7.29,53,0.07625899280575539,7.63,9,0.05,5.0,2815,0.061378453219370736,6.14,329,0.05778011942395504,5.78,269,0.0660933660933661,6.61
equalgr7,Equality regardless of sexual orientation,Rights and Duties,1,0,416,0.06942590120160214,6.94,59,0.08489208633093526,8.49,15,0.08333333333333333,8.33,3125,0.06813771449752523,6.81,396,0.06954689146469968,6.95,282,0.06928746928746929,6.93
equalgr8,Equality regardless of age,Rights and Duties,1,0,9,0.0015020026702269693,0.15,0,0.0,0.0,0,0.0,0.0,91,0.001984170246167935,0.2,10,0.0017562346329469617,0.18,11,0.002702702702702703,0.27
equalgr9,Equality for persons with disabilities,Rights and Duties,1,0,0,0.0,0.0,0,0.0,0.0,0,0.0,0.0,4,8.72162745568323e-05,0.01,1,0.00017562346329469617,0.02,0,0.0,0.0
ethincl,Ethnic community integration,Culture and Identity,0,0,0,0.0,0.0,0,0.0,0.0,0,0.0,0.0,5,0.00010902034319604038,0.01,2,0.00035124692658939234,0.04,0,0.0,0.0
evidence,Evidence collection,Rights and Duties,1,0,0,0.0,0.0,0,0.0,0.0,0,0.0,0.0,0,0.0,0.0,0,0.0,0.0,0,0.0,0.0
examwit,Evidence examination,Rights and Duties,1,0,0,0.0,0.0,0,0.0,0.0,0,0.0,0.0,0,0.0,0.0,0,0.0,0.0,0,0.0,0.0
excrim,Extradition,Rights and Duties,1,0,0,0.0,0.0,0,0.0,0.0,0,0.0,0.0,0,0.0,0.0,0,0.0,0.0,0,0.0,0.0
execindp,Executive independence,Executive,0,1,1,0.00016688918558077436,0.02,1,0.0014388489208633094,0.14,0,0.0,0.0,27,0.000588709853258618,0.06,2,0.00035124692658939234,0.04,2,0.0004914004914004914,0.05
execnum,Executive structure,Executive,0,1,0,0.0,0.0,0,0.0,0.0,0,0.0,0.0,0,0.0,0.0,0,0.0,0.0,0,0.0,0.0
expost,Ex post facto laws,Rights and Duties,1,0,0,0.0,0.0,0,0.0,0.0,0,0.0,0.0,0,0.0,0.0,0,0.0,0.0,0,0.0,0.0
express,Freedom of expression,Rights and Duties,1,0,159,0.026535380507343123,2.65,20,0.02877697841726619,2.88,6,0.03333333333333333,3.33,1031,0.022479994767023528,2.25,173,0.030382859149982438,3.04,117,0.028746928746928746,2.87
exprop,Expropriation,Rights and Duties,1,0,3,0.0005006675567423231,0.05,0,0.0,0.0,0,0.0,0.0,3,6.541220591762422e-05,0.01,0,0.0,0.0,0,0.0,0.0
exsess,Extraordinary legislative session,Legislature,0,1,1,0.00016688918558077436,0.02,0,0.0,0.0,0,0.0,0.0,3,6.541220591762422e-05,0.01,0,0.0,0.0,0,0.0,0.0
fairtri,Fair trial,Rights and Duties,1,0,0,0.0,0.0,0,0.0,0.0,0,0.0,0.0,27,0.000588709853258618,0.06,2,0.00035124692658939234,0.04,2,0.0004914004914004914,0.05
falseimp,False imprisonment,Rights and Duties,1,0,1,0.00016688918558077436,0.02,0,0.0,0.0,0,0.0,0.0,0,0.0,0.0,2,0.00035124692658939234,0.04,1,0.0002457002457002457,0.02
fedrev,Federal review of subnational legislation,Federalism,0,1,0,0.0,0.0,0,0.0,0.0,0,0.0,0.0,0,0.0,0.0,0,0.0,0.0,0,0.0,0.0
fedsep,National vs subnational laws,Federalism,0,1,0,0.0,0.0,0,0.0,0.0,0,0.0,0.0,3,6.541220591762422e-05,0.01,0,0.0,0.0,0,0.0,0.0
figures,Political theorists and figures,Principles and Symbols,0,0,0,0.0,0.0,0,0.0,0.0,0,0.0,0.0,0,0.0,0.0,0,0.0,0.0,0,0.0,0.0
finance,Finance law,Legislature,0,1,0,0.0,0.0,0,0.0,0.0,0,0.0,0.0,0,0.0,0.0,0,0.0,0.0,0,0.0,0.0
finsup1,Support for the elderly,Rights and Duties,1,0,0,0.0,0.0,0,0.0,0.0,0,0.0,0.0,0,0.0,0.0,0,0.0,0.0,0,0.0,0.0
finsup2,Support for the unemployed,Rights and Duties,1,0,0,0.0,0.0,0,0.0,0.0,0,0.0,0.0,0,0.0,0.0,0,0.0,0.0,0,0.0,0.0
finsup3,Support for the disabled,Rights and Duties,1,0,0,0.0,0.0,0,0.0,0.0,0,0.0,0.0,0,0.0,0.0,0,0.0,0.0,0,0.0,0.0
finsup4,Support for children,Rights and Duties,1,0,0,0.0,0.0,0,0.0,0.0,0,0.0,0.0,0,0.0,0.0,0,0.0,0.0,0,0.0,0.0
flag,Flag,Principles and Symbols,0,0,0,0.0,0.0,0,0.0,0.0,0,0.0,0.0,0,0.0,0.0,0,0.0,0.0,0,0.0,0.0
fndfam,Found a family,Rights and Duties,1,0,0,0.0,0.0,0,0.0,0.0,0,0.0,0.0,0,0.0,0.0,0,0.0,0.0,0,0.0,0.0
freecomp,Competitive marketplace,Rights and Duties,1,0,0,0.0,0.0,0,0.0,0.0,0,0.0,0.0,0,0.0,0.0,0,0.0,0.0,0,0.0,0.0
freeelec,Citizen secret ballot,Elections,0,1,1,0.00016688918558077436,0.02,0,0.0,0.0,0,0.0,0.0,16,0.0003488650982273292,0.03,1,0.00017562346329469617,0.02,1,0.0002457002457002457,0.02
freemove,Freedom of movement,Rights and Duties,1,0,5,0.0008344459279038719,0.08,2,0.0028776978417266188,0.29,0,0.0,0.0,139,0.0030307655408499225,0.3,16,0.0028099754127151387,0.28,10,0.002457002457002457,0.25
freerel,Freedom of religion,"Rights and Duties,Culture and Identity",0,0,28,0.004672897196261682,0.47,6,0.008633093525179856,0.86,2,0.011111111111111112,1.11,595,0.012973420840328806,1.3,57,0.010010537407797681,1.0,40,0.009828009828009828,0.98
god,God or other deities,Culture and Identity,0,0,0,0.0,0.0,0,0.0,0.0,0,0.0,0.0,0,0.0,0.0,0,0.0,0.0,0,0.0,0.0
govmed,State media,Regulation and Oversight,0,1,0,0.0,0.0,0,0.0,0.0,0,0.0,0.0,0,0.0,0.0,0,0.0,0.0,0,0.0,0.0
habcorp,Unjustified restraint,Rights and Duties,1,0,0,0.0,0.0,0,0.0,0.0,0,0.0,0.0,2,4.360813727841615e-05,0.0,0,0.0,0.0,0,0.0,0.0
headforn,Foreign affairs representative,International Law,0,1,0,0.0,0.0,0,0.0,0.0,0,0.0,0.0,0,0.0,0.0,0,0.0,0.0,2,0.0004914004914004914,0.05
health,Health care,Rights and Duties,1,0,4,0.0006675567423230974,0.07,0,0.0,0.0,0,0.0,0.0,85,0.0018533458343326864,0.19,8,0.0014049877063575693,0.14,11,0.002702702702702703,0.27
hocage,Supreme court age,Judiciary,0,1,1,0.00016688918558077436,0.02,0,0.0,0.0,0,0.0,0.0,4,8.72162745568323e-05,0.01,0,0.0,0.0,2,0.0004914004914004914,0.05
hocop,Supreme court opinions,Judiciary,0,1,0,0.0,0.0,0,0.0,0.0,0,0.0,0.0,2,4.360813727841615e-05,0.0,0,0.0,0.0,0,0.0,0.0
hocres,Supreme court eligibility,Judiciary,0,1,2,0.0003337783711615487,0.03,1,0.0014388489208633094,0.14,0,0.0,0.0,10,0.00021804068639208075,0.02,0,0.0,0.0,0,0.0,0.0
hocsel,Supreme court selection,Judiciary,0,1,8,0.0013351134846461949,0.13,0,0.0,0.0,0,0.0,0.0,46,0.0010029871574035714,0.1,7,0.0012293642430628731,0.12,6,0.0014742014742014742,0.15
hocterm,Supreme court term length,Judiciary,0,1,0,0.0,0.0,0,0.0,0.0,0,0.0,0.0,0,0.0,0.0,0,0.0,0.0,0,0.0,0.0
hocterml,Supreme court term limits,Judiciary,0,1,0,0.0,0.0,0,0.0,0.0,0,0.0,0.0,0,0.0,0.0,0,0.0,0.0,0,0.0,0.0
hogage,Head of government age,Executive,0,1,0,0.0,0.0,0,0.0,0.0,0,0.0,0.0,7,0.00015262848047445653,0.02,0,0.0,0.0,3,0.0007371007371007371,0.07
hogdec,Head of government decree power,Executive,0,1,0,0.0,0.0,0,0.0,0.0,0,0.0,0.0,0,0.0,0.0,0,0.0,0.0,0,0.0,0.0
hogdiss,Head of government removal,Executive,0,1,1,0.00016688918558077436,0.02,0,0.0,0.0,0,0.0,0.0,1,2.1804068639208077e-05,0.0,0,0.0,0.0,1,0.0002457002457002457,0.02
hogdlim,Head of government removal limits,Executive,0,1,0,0.0,0.0,0,0.0,0.0,0,0.0,0.0,1,2.1804068639208077e-05,0.0,0,0.0,0.0,1,0.0002457002457002457,0.02
hogelect,Head of government selection,Executive,0,1,0,0.0,0.0,0,0.0,0.0,0,0.0,0.0,0,0.0,0.0,0,0.0,0.0,0,0.0,0.0
hogimm,Head of government immunity,Executive,0,1,0,0.0,0.0,0,0.0,0.0,0,0.0,0.0,1,2.1804068639208077e-05,0.0,0,0.0,0.0,1,0.0002457002457002457,0.02
hoglegr,Head of government legislative role,Executive,0,1,5,0.0008344459279038719,0.08,1,0.0014388489208633094,0.14,0,0.0,0.0,77,0.0016789132852190218,0.17,11,0.001931858096241658,0.19,9,0.0022113022113022115,0.22
hogpow,Head of government powers,Executive,0,1,1,0.00016688918558077436,0.02,0,0.0,0.0,0,0.0,0.0,10,0.00021804068639208075,0.02,0,0.0,0.0,3,0.0007371007371007371,0.07
hogrest,Head of government eligibility,Executive,0,1,1,0.00016688918558077436,0.02,0,0.0,0.0,0,0.0,0.0,2,4.360813727841615e-05,0.0,0,0.0,0.0,0,0.0,0.0
hogsucc,Head of government replacement,Executive,0,1,1,0.00016688918558077436,0.02,0,0.0,0.0,0,0.0,0.0,2,4.360813727841615e-05,0.0,0,0.0,0.0,0,0.0,0.0
hogterm,Head of government term length,Executive,0,1,2,0.0003337783711615487,0.03,0,0.0,0.0,0,0.0,0.0,7,0.00015262848047445653,0.02,2,0.00035124692658939234,0.04,0,0.0,0.0
hogterml,Head of government term limits,Executive,0,1,0,0.0,0.0,0,0.0,0.0,0,0.0,0.0,0,0.0,0.0,0,0.0,0.0,1,0.0002457002457002457,0.02
hosage,Head of state age,Executive,0,1,0,0.0,0.0,0,0.0,0.0,0,0.0,0.0,17,0.0003706691668665373,0.04,3,0.0005268703898840885,0.05,4,0.0009828009828009828,0.1
hosdec,Head of state decree power,Executive,0,1,7,0.0011682242990654205,0.12,0,0.0,0.0,0,0.0,0.0,106,0.002311231275756056,0.23,13,0.00228310502283105,0.23,6,0.0014742014742014742,0.15
hosdiss,Head of state removal,Executive,0,1,8,0.0013351134846461949,0.13,3,0.004316546762589928,0.43,0,0.0,0.0,191,0.004164577110088743,0.42,18,0.003161222339304531,0.32,4,0.0009828009828009828,0.1
hoselect,Head of state selection,Executive,0,1,3,0.0005006675567423231,0.05,0,0.0,0.0,0,0.0,0.0,4,8.72162745568323e-05,0.01,0,0.0,0.0,0,0.0,0.0
hosimm,Head of state immunity,Executive,0,1,2,0.0003337783711615487,0.03,1,0.0014388489208633094,0.14,1,0.005555555555555556,0.56,70,0.0015262848047445654,0.15,11,0.001931858096241658,0.19,4,0.0009828009828009828,0.1
hospow,Head of state powers,Executive,0,1,22,0.003671562082777036,0.37,2,0.0028776978417266188,0.29,0,0.0,0.0,412,0.008983276279353728,0.9,45,0.007903055848261328,0.79,25,0.006142506142506142,0.61
hosrest,Head of state eligibility,Executive,0,1,8,0.0013351134846461949,0.13,2,0.0028776978417266188,0.29,1,0.005555555555555556,0.56,309,0.006737457209515295,0.67,47,0.00825430277485072,0.83,30,0.007371007371007371,0.74
hosstaff,Head of state advisory bodies,Executive,0,1,0,0.0,0.0,0,0.0,0.0,0,0.0,0.0,16,0.0003488650982273292,0.03,2,0.00035124692658939234,0.04,2,0.0004914004914004914,0.05
hossucc,Head of state replacement,Executive,0,1,2,0.0003337783711615487,0.03,0,0.0,0.0,0,0.0,0.0,17,0.0003706691668665373,0.04,1,0.00017562346329469617,0.02,0,0.0,0.0
hosterm,Head of state term length,Executive,0,1,7,0.0011682242990654205,0.12,0,0.0,0.0,0,0.0,0.0,126,0.0027473126485402176,0.27,26,0.0045662100456621,0.46,11,0.002702702702702703,0.27
hosterml,Head of state term limits,Executive,0,1,1,0.00016688918558077436,0.02,0,0.0,0.0,0,0.0,0.0,73,0.0015916970106621897,0.16,13,0.00228310502283105,0.23,5,0.0012285012285012285,0.12
housenum,Legislature structure,Legislature,0,1,18,0.0030040053404539386,0.3,2,0.0028776978417266188,0.29,0,0.0,0.0,80,0.001744325491136646,0.17,5,0.0008781173164734809,0.09,5,0.0012285012285012285,0.12
hr,Human rights commission,"Rights and Duties,Regulation and Oversight",0,1,0,0.0,0.0,0,0.0,0.0,0,0.0,0.0,0,0.0,0.0,0,0.0,0.0,0,0.0,0.0
illadmin,Ultra-vires administrative actions,Judiciary,0,1,0,0.0,0.0,0,0.0,0.0,0,0.0,0.0,0,0.0,0.0,0,0.0,0.0,0,0.0,0.0
immunity,Legislator immunity,Legislature,0,1,0,0.0,0.0,0,0.0,0.0,0,0.0,0.0,1,2.1804068639208077e-05,0.0,0,0.0,0.0,0,0.0,0.0
inalrght,Inalienable,Rights and Duties,1,0,0,0.0,0.0,0,0.0,0.0,0,0.0,0.0,2,4.360813727841615e-05,0.0,0,0.0,0.0,0,0.0,0.0
income,Legislator compensation,Legislature,0,1,0,0.0,0.0,0,0.0,0.0,0,0.0,0.0,0,0.0,0.0,0,0.0,0.0,0,0.0,0.0
indcit,Indigenous citizenship,"Rights and Duties,Culture and Identity",0,0,0,0.0,0.0,0,0.0,0.0,0,0.0,0.0,11,0.00023984475503128884,0.02,2,0.00035124692658939234,0.04,1,0.0002457002457002457,0.02
indpolgr1,Indigenous vote,"Rights and Duties,Culture and Identity,Elections",0,0,1,0.00016688918558077436,0.02,0,0.0,0.0,0,0.0,0.0,4,8.72162745568323e-05,0.01,2,0.00035124692658939234,0.04,0,0.0,0.0
indpolgr2,Indigenous representation,"Rights and Duties,Culture and Identity",0,0,1,0.00016688918558077436,0.02,1,0.0014388489208633094,0.14,0,0.0,0.0,0,0.0,0.0,0,0.0,0.0,0,0.0,0.0
indpolgr3,Indigenous political parties,"Rights and Duties,Culture and Identity,Elections",0,0,0,0.0,0.0,0,0.0,0.0,0,0.0,0.0,0,0.0,0.0,0,0.0,0.0,0,0.0,0.0
indpolgr4,Indigenous not pay taxes,"Rights and Duties,Culture and Identity",0,0,1,0.00016688918558077436,0.02,0,0.0,0.0,0,0.0,0.0,0,0.0,0.0,0,0.0,0.0,0,0.0,0.0
indpolgr5,Indigenous illegal activities,"Rights and Duties,Culture and Identity",0,0,0,0.0,0.0,0,0.0,0.0,0,0.0,0.0,0,0.0,0.0,0,0.0,0.0,0,0.0,0.0
indpolgr6,Indigenous self governance,"Rights and Duties,Culture and Identity",0,0,0,0.0,0.0,0,0.0,0.0,0,0.0,0.0,3,6.541220591762422e-05,0.01,0,0.0,0.0,0,0.0,0.0
infoacc,Information,Rights and Duties,1,0,2,0.0003337783711615487,0.03,1,0.0014388489208633094,0.14,0,0.0,0.0,29,0.0006323179905370342,0.06,5,0.0008781173164734809,0.09,0,0.0,0.0
initiat,Legislative initiatives,Elections,0,1,4,0.0006675567423230974,0.07,1,0.0014388489208633094,0.14,0,0.0,0.0,9,0.0001962366177528727,0.02,0,0.0,0.0,0,0.0,0.0
interp,Constitutional interpretation,Judiciary,0,1,15,0.0025033377837116156,0.25,0,0.0,0.0,0,0.0,0.0,146,0.0031833940213243793,0.32,15,0.0026343519494204425,0.26,15,0.0036855036855036856,0.37
intlaw,International law,International Law,0,1,13,0.0021695594125500667,0.22,6,0.008633093525179856,0.86,2,0.011111111111111112,1.11,110,0.0023984475503128883,0.24,16,0.0028099754127151387,0.28,10,0.002457002457002457,0.25
intorgs,International organizations,International Law,0,1,0,0.0,0.0,0,0.0,0.0,0,0.0,0.0,0,0.0,0.0,0,0.0,0.0,0,0.0,0.0
intprop,Intellectual property,Rights and Duties,1,0,0,0.0,0.0,0,0.0,0.0,0,0.0,0.0,1,2.1804068639208077e-05,0.0,0,0.0,0.0,0,0.0,0.0
intrght,International human rights treaties,International Law,0,1,4,0.0006675567423230974,0.07,0,0.0,0.0,0,0.0,0.0,16,0.0003488650982273292,0.03,0,0.0,0.0,1,0.0002457002457002457,0.02
invexe,Legislative oversight of the executive,"Executive,Legislature",0,1,1,0.00016688918558077436,0.02,0,0.0,0.0,0,0.0,0.0,0,0.0,0.0,0,0.0,0.0,0,0.0,0.0
jc,Judicial council,"Judiciary,Regulation and Oversight",0,1,1,0.00016688918558077436,0.02,0,0.0,0.0,0,0.0,0.0,1,2.1804068639208077e-05,0.0,0,0.0,0.0,0,0.0,0.0
jointrde,Trade union,Rights and Duties,1,0,3,0.0005006675567423231,0.05,1,0.0014388489208633094,0.14,0,0.0,0.0,16,0.0003488650982273292,0.03,2,0.00035124692658939234,0.04,1,0.0002457002457002457,0.02
jrem,Supreme/ordinary court removal,Judiciary,0,1,2,0.0003337783711615487,0.03,0,0.0,0.0,0,0.0,0.0,9,0.0001962366177528727,0.02,0,0.0,0.0,0,0.0,0.0
judcrts1,Administrative courts,Judiciary,0,1,2,0.0003337783711615487,0.03,0,0.0,0.0,0,0.0,0.0,13,0.000283452892309705,0.03,3,0.0005268703898840885,0.05,0,0.0,0.0
judcrts2,Constitutional court,Judiciary,0,1,43,0.007176234979973298,0.72,2,0.0028776978417266188,0.29,1,0.005555555555555556,0.56,858,0.01870789089244053,1.87,96,0.01685985247629083,1.69,57,0.014004914004914005,1.4
judcrts3,Amparo courts,"Rights and Duties,Judiciary",0,1,0,0.0,0.0,0,0.0,0.0,0,0.0,0.0,0,0.0,0.0,0,0.0,0.0,0,0.0,0.0
judcrts4,Military courts,"Judiciary,Executive",0,1,18,0.0030040053404539386,0.3,0,0.0,0.0,0,0.0,0.0,59,0.0012864400497132765,0.13,9,0.0015806111696522655,0.16,5,0.0012285012285012285,0.12
judcrts5,Courts for judging public officials,Judiciary,0,1,3,0.0005006675567423231,0.05,0,0.0,0.0,0,0.0,0.0,42,0.0009157708828467392,0.09,1,0.00017562346329469617,0.02,0,0.0,0.0
judcrts6,Tax courts,Judiciary,0,1,0,0.0,0.0,0,0.0,0.0,0,0.0,0.0,0,0.0,0.0,0,0.0,0.0,0,0.0,0.0
judcrts7,Labor courts,Judiciary,0,1,2,0.0003337783711615487,0.03,0,0.0,0.0,0,0.0,0.0,7,0.00015262848047445653,0.02,1,0.00017562346329469617,0.02,0,0.0,0.0
judcrts8,Religious courts,"Culture and Identity,Judiciary",0,0,0,0.0,0.0,0,0.0,0.0,0,0.0,0.0,0,0.0,0.0,0,0.0,0.0,0,0.0,0.0
judind,Judicial independence,Judiciary,0,1,15,0.0025033377837116156,0.25,2,0.0028776978417266188,0.29,1,0.005555555555555556,0.56,205,0.004469834071037656,0.45,27,0.004741833508956797,0.47,13,0.0031941031941031942,0.32
judprec,Judicial precedent,Judiciary,0,1,0,0.0,0.0,0,0.0,0.0,0,0.0,0.0,1,2.1804068639208077e-05,0.0,0,0.0,0.0,0,0.0,0.0
judretir,Judicial retirement age,Judiciary,0,1,0,0.0,0.0,0,0.0,0.0,0,0.0,0.0,6,0.00013082441183524845,0.01,0,0.0,0.0,2,0.0004914004914004914,0.05
judsal,Judicial salary and budget,Judiciary,0,1,0,0.0,0.0,1,0.0014388489208633094,0.14,0,0.0,0.0,0,0.0,0.0,0,0.0,0.0,0,0.0,0.0
jury,Jury,Rights and Duties,1,0,14,0.002336448598130841,0.23,3,0.004316546762589928,0.43,1,0.005555555555555556,0.56,385,0.00839456642609511,0.84,58,0.010186160871092378,1.02,39,0.009582309582309583,0.96
juvenile,Juvenile privileges in criminal process,Rights and Duties,1,0,0,0.0,0.0,0,0.0,0.0,0,0.0,0.0,0,0.0,0.0,0,0.0,0.0,0,0.0,0.0
lang,Official languages,Culture and Identity,0,0,0,0.0,0.0,0,0.0,0.0,0,0.0,0.0,0,0.0,0.0,0,0.0,0.0,0,0.0,0.0
langprot,Language protection,Culture and Identity,0,0,0,0.0,0.0,0,0.0,0.0,0,0.0,0.0,0,0.0,0.0,0,0.0,0.0,0,0.0,0.0
legapp,Legislation approval,Legislature,0,1,0,0.0,0.0,0,0.0,0.0,0,0.0,0.0,0,0.0,0.0,0,0.0,0.0,0,0.0,0.0
legdiss,Legislature dismissal,Legislature,0,1,0,0.0,0.0,1,0.0014388489208633094,0.14,0,0.0,0.0,15,0.00032706102958812114,0.03,2,0.00035124692658939234,0.04,0,0.0,0.0
legini,Legislation initiation,Legislature,0,1,0,0.0,0.0,0,0.0,0.0,0,0.0,0.0,1,2.1804068639208077e-05,0.0,0,0.0,0.0,0,0.0,0.0
legjoint,Joint legislative session,Legislature,0,1,0,0.0,0.0,0,0.0,0.0,0,0.0,0.0,1,2.1804068639208077e-05,0.0,0,0.0,0.0,0,0.0,0.0
legrep,Legislator replacement,Legislature,0,1,0,0.0,0.0,0,0.0,0.0,0,0.0,0.0,0,0.0,0.0,0,0.0,0.0,0,0.0,0.0
legsupr,Legislation supermajority,Legislature,0,1,0,0.0,0.0,0,0.0,0.0,0,0.0,0.0,0,0.0,0.0,0,0.0,0.0,0,0.0,0.0
leisure,Leisure,Rights and Duties,1,0,0,0.0,0.0,0,0.0,0.0,0,0.0,0.0,0,0.0,0.0,0,0.0,0.0,0,0.0,0.0
levjud,Judiciary structure,Judiciary,0,1,120,0.020026702269692925,2.0,7,0.010071942446043165,1.01,4,0.022222222222222223,2.22,206,0.004491638139676864,0.45,17,0.002985598876009835,0.3,10,0.002457002457002457,0.25
lhage,First chamber age,Legislature,0,1,0,0.0,0.0,0,0.0,0.0,0,0.0,0.0,0,0.0,0.0,0,0.0,0.0,0,0.0,0.0
lhlead,First chamber leader,Legislature,0,1,2,0.0003337783711615487,0.03,1,0.0014388489208633094,0.14,1,0.005555555555555556,0.56,34,0.0007413383337330746,0.07,4,0.0007024938531787847,0.07,6,0.0014742014742014742,0.15
lhquota,First chamber quota,Legislature,0,1,0,0.0,0.0,0,0.0,0.0,0,0.0,0.0,0,0.0,0.0,0,0.0,0.0,0,0.0,0.0
lhrest,First chamber eligibility,Legislature,0,1,0,0.0,0.0,0,0.0,0.0,0,0.0,0.0,2,4.360813727841615e-05,0.0,0,0.0,0.0,0,0.0,0.0
lhseats,First chamber size,Legislature,0,1,0,0.0,0.0,0,0.0,0.0,0,0.0,0.0,0,0.0,0.0,0,0.0,0.0,0,0.0,0.0
lhselect,First chamber selection,Legislature,0,1,1,0.00016688918558077436,0.02,0,0.0,0.0,0,0.0,0.0,2,4.360813727841615e-05,0.0,0,0.0,0.0,0,0.0,0.0
lhspleg,First chamber policy areas,Legislature,0,1,0,0.0,0.0,0,0.0,0.0,0,0.0,0.0,0,0.0,0.0,0,0.0,0.0,0,0.0,0.0
lhterm,First chamber term length,Legislature,0,1,0,0.0,0.0,0,0.0,0.0,0,0.0,0.0,0,0.0,0.0,0,0.0,0.0,0,0.0,0.0
lhtrmlim,First chamber term limit,Legislature,0,1,0,0.0,0.0,0,0.0,0.0,0,0.0,0.0,3,6.541220591762422e-05,0.01,0,0.0,0.0,0,0.0,0.0
libel,Reputation,Rights and Duties,1,0,0,0.0,0.0,0,0.0,0.0,0,0.0,0.0,0,0.0,0.0,0,0.0,0.0,0,0.0,0.0
life,Life,Rights and Duties,1,0,102,0.017022696929238985,1.7,15,0.02158273381294964,2.16,2,0.011111111111111112,1.11,802,0.017486863048644878,1.75,101,0.017737969792764312,1.77,87,0.021375921375921376,2.14
marriage,Marriage,Rights and Duties,1,0,0,0.0,0.0,0,0.0,0.0,0,0.0,0.0,0,0.0,0.0,0,0.0,0.0,0,0.0,0.0
matequal,Matrimonial equality,Rights and Duties,1,0,3,0.0005006675567423231,0.05,0,0.0,0.0,0,0.0,0.0,38,0.0008285546082899068,0.08,5,0.0008781173164734809,0.09,2,0.0004914004914004914,0.05
medcom,Media commission,Regulation and Oversight,0,1,0,0.0,0.0,0,0.0,0.0,0,0.0,0.0,0,0.0,0.0,0,0.0,0.0,0,0.0,0.0
milcom,Military commander selection,Executive,0,1,0,0.0,0.0,0,0.0,0.0,0,0.0,0.0,0,0.0,0.0,0,0.0,0.0,0,0.0,0.0
milrest,Military restrictions,Executive,0,1,0,0.0,0.0,0,0.0,0.0,0,0.0,0.0,0,0.0,0.0,0,0.0,0.0,1,0.0002457002457002457,0.02
milserv,Military service,"Rights and Duties,Executive",0,1,0,0.0,0.0,0,0.0,0.0,0,0.0,0.0,1,2.1804068639208077e-05,0.0,0,0.0,0.0,0,0.0,0.0
miranda,Self-incrimination,Rights and Duties,1,0,0,0.0,0.0,0,0.0,0.0,0,0.0,0.0,0,0.0,0.0,0,0.0,0.0,0,0.0,0.0
motive,Motives for writing constitution,Principles and Symbols,0,0,0,0.0,0.0,0,0.0,0.0,0,0.0,0.0,0,0.0,0.0,0,0.0,0.0,0,0.0,0.0
motto,Motto,Principles and Symbols,0,0,0,0.0,0.0,0,0.0,0.0,0,0.0,0.0,0,0.0,0.0,0,0.0,0.0,0,0.0,0.0
mun,Municipal government,Federalism,0,1,34,0.005674232309746329,0.57,3,0.004316546762589928,0.43,2,0.011111111111111112,1.11,261,0.005690861914833308,0.57,55,0.00965929048120829,0.97,23,0.005651105651105651,0.57
natcit,Naturalization,Culture and Identity,0,0,0,0.0,0.0,0,0.0,0.0,0,0.0,0.0,4,8.72162745568323e-05,0.01,0,0.0,0.0,0,0.0,0.0
nomil,Conscientious objection,Rights and Duties,1,0,0,0.0,0.0,0,0.0,0.0,0,0.0,0.0,0,0.0,0.0,0,0.0,0.0,0,0.0,0.0
oath,Constitutional oath,Principles and Symbols,0,0,11,0.001835781041388518,0.18,3,0.004316546762589928,0.43,0,0.0,0.0,177,0.0038593201491398297,0.39,22,0.003863716192483316,0.39,11,0.002702702702702703,0.27
occupate,Occupation,Rights and Duties,1,0,0,0.0,0.0,0,0.0,0.0,0,0.0,0.0,9,0.0001962366177528727,0.02,0,0.0,0.0,0,0.0,0.0
offrel,Official religion,Culture and Identity,0,0,0,0.0,0.0,0,0.0,0.0,0,0.0,0.0,1,2.1804068639208077e-05,0.0,0,0.0,0.0,0,0.0,0.0
ombuds,Ombudsman,"Rights and Duties,Regulation and Oversight",0,1,0,0.0,0.0,0,0.0,0.0,0,0.0,0.0,0,0.0,0.0,0,0.0,0.0,0,0.0,0.0
opgroup,Wealth redistribution,Culture and Identity,0,0,1,0.00016688918558077436,0.02,1,0.0014388489208633094,0.14,0,0.0,0.0,19,0.0004142773041449534,0.04,2,0.00035124692658939234,0.04,0,0.0,0.0
opinion,"Freedom of opinion, thought, and conscience",Rights and Duties,1,0,46,0.007676902536715621,0.77,5,0.007194244604316547,0.72,4,0.022222222222222223,2.22,768,0.0167455247149118,1.67,105,0.0184404636459431,1.84,67,0.016461916461916463,1.65
ordage,Ordinary court age,Judiciary,0,1,0,0.0,0.0,0,0.0,0.0,0,0.0,0.0,1,2.1804068639208077e-05,0.0,0,0.0,0.0,0,0.0,0.0
ordres,Ordinary court eligibility,Judiciary,0,1,0,0.0,0.0,0,0.0,0.0,0,0.0,0.0,0,0.0,0.0,0,0.0,0.0,0,0.0,0.0
ordsel,Ordinary court selection,Judiciary,0,1,1,0.00016688918558077436,0.02,0,0.0,0.0,0,0.0,0.0,5,0.00010902034319604038,0.01,1,0.00017562346329469617,0.02,0,0.0,0.0
ordterm,Ordinary court term length,Judiciary,0,1,0,0.0,0.0,0,0.0,0.0,0,0.0,0.0,0,0.0,0.0,0,0.0,0.0,0,0.0,0.0
ordterml,Ordinary court term limits,Judiciary,0,1,0,0.0,0.0,0,0.0,0.0,0,0.0,0.0,0,0.0,0.0,0,0.0,0.0,0,0.0,0.0
orglaw,Organic law,Legislature,0,1,1,0.00016688918558077436,0.02,0,0.0,0.0,0,0.0,0.0,1,2.1804068639208077e-05,0.0,1,0.00017562346329469617,0.02,0,0.0,0.0
override,Veto override,Legislature,0,1,0,0.0,0.0,0,0.0,0.0,0,0.0,0.0,0,0.0,0.0,0,0.0,0.0,0,0.0,0.0
overthrw,Overthrow,Rights and Duties,1,0,0,0.0,0.0,0,0.0,0.0,0,0.0,0.0,3,6.541220591762422e-05,0.01,1,0.00017562346329469617,0.02,0,0.0,0.0
pardon,Pardon power,Executive,0,1,0,0.0,0.0,0,0.0,0.0,0,0.0,0.0,2,4.360813727841615e-05,0.0,0,0.0,0.0,0,0.0,0.0
partprf,Preferred political parties,Elections,0,1,0,0.0,0.0,0,0.0,0.0,0,0.0,0.0,0,0.0,0.0,0,0.0,0.0,0,0.0,0.0
partprh,Prohibited political parties,Elections,0,1,0,0.0,0.0,0,0.0,0.0,0,0.0,0.0,0,0.0,0.0,0,0.0,0.0,0,0.0,0.0
partreg,Political party restrictions,Elections,0,1,0,0.0,0.0,0,0.0,0.0,0,0.0,0.0,1,2.1804068639208077e-05,0.0,0,0.0,0.0,0,0.0,0.0
partrght,Political party formation,Elections,0,1,0,0.0,0.0,0,0.0,0.0,0,0.0,0.0,5,0.00010902034319604038,0.01,0,0.0,0.0,0,0.0,0.0
partunco,Political party regulation,"Elections,Regulation and Oversight",0,1,5,0.0008344459279038719,0.08,0,0.0,0.0,0,0.0,0.0,101,0.0022022109325600158,0.22,5,0.0008781173164734809,0.09,4,0.0009828009828009828,0.1
petition,Petition,Rights and Duties,1,0,0,0.0,0.0,0,0.0,0.0,0,0.0,0.0,0,0.0,0.0,0,0.0,0.0,0,0.0,0.0
preamble,Preamble,Special Sections,0,0,0,0.0,0.0,0,0.0,0.0,0,0.0,0.0,0,0.0,0.0,0,0.0,0.0,0,0.0,0.0
prerel,Pre-trial defense,Rights and Duties,1,0,1,0.00016688918558077436,0.02,0,0.0,0.0,0,0.0,0.0,2,4.360813727841615e-05,0.0,0,0.0,0.0,0,0.0,0.0
presinoc,Presumption of innocence,Rights and Duties,1,0,0,0.0,0.0,0,0.0,0.0,0,0.0,0.0,0,0.0,0.0,0,0.0,0.0,0,0.0,0.0
press,Freedom of press,Rights and Duties,1,0,31,0.005173564753004005,0.52,3,0.004316546762589928,0.43,2,0.011111111111111112,1.11,185,0.004033752698253494,0.4,24,0.004214963119072708,0.42,18,0.004422604422604423,0.44
prevcond,History,Principles and Symbols,0,0,0,0.0,0.0,0,0.0,0.0,0,0.0,0.0,0,0.0,0.0,0,0.0,0.0,0,0.0,0.0
prevlead,Crimes of the previous regime,Principles and Symbols,0,0,0,0.0,0.0,0,0.0,0.0,0,0.0,0.0,0,0.0,0.0,0,0.0,0.0,0,0.0,0.0
prisonrg,Prison registry,Rights and Duties,1,0,0,0.0,0.0,0,0.0,0.0,0,0.0,0.0,0,0.0,0.0,0,0.0,0.0,0,0.0,0.0
privacy,Privacy,Rights and Duties,1,0,0,0.0,0.0,0,0.0,0.0,0,0.0,0.0,0,0.0,0.0,0,0.0,0.0,0,0.0,0.0
profleg,Legislator outside professions,Legislature,0,1,0,0.0,0.0,0,0.0,0.0,0,0.0,0.0,0,0.0,0.0,0,0.0,0.0,0,0.0,0.0
proprght,Own property,Rights and Duties,1,0,2,0.0003337783711615487,0.03,0,0.0,0.0,0,0.0,0.0,61,0.0013300481869916927,0.13,2,0.00035124692658939234,0.04,1,0.0002457002457002457,0.02
provwork,Employment,Rights and Duties,1,0,0,0.0,0.0,0,0.0,0.0,0,0.0,0.0,1,2.1804068639208077e-05,0.0,0,0.0,0.0,0,0.0,0.0
prtyduty,Required political parties,"Rights and Duties,Elections",0,1,0,0.0,0.0,0,0.0,0.0,0,0.0,0.0,2,4.360813727841615e-05,0.0,0,0.0,0.0,0,0.0,0.0
pubmeet,Public legislative sessions,Legislature,0,1,0,0.0,0.0,0,0.0,0.0,0,0.0,0.0,1,2.1804068639208077e-05,0.0,0,0.0,0.0,0,0.0,0.0
pubmin,Legislative deliberations,Legislature,0,1,0,0.0,0.0,0,0.0,0.0,0,0.0,0.0,0,0.0,0.0,0,0.0,0.0,0,0.0,0.0
pubtri,Public trial,Rights and Duties,1,0,1,0.00016688918558077436,0.02,0,0.0,0.0,0,0.0,0.0,11,0.00023984475503128884,0.02,0,0.0,0.0,0,0.0,0.0
quorum,Legislative quorum,Legislature,0,1,0,0.0,0.0,0,0.0,0.0,0,0.0,0.0,0,0.0,0.0,0,0.0,0.0,0,0.0,0.0
radio,Radio,Regulation and Oversight,0,1,0,0.0,0.0,0,0.0,0.0,0,0.0,0.0,0,0.0,0.0,0,0.0,0.0,0,0.0,0.0
recvote,Legislative vote transparency,Legislature,0,1,0,0.0,0.0,0,0.0,0.0,0,0.0,0.0,2,4.360813727841615e-05,0.0,1,0.00017562346329469617,0.02,0,0.0,0.0
referen,Referenda,Elections,0,1,0,0.0,0.0,0,0.0,0.0,0,0.0,0.0,0,0.0,0.0,1,0.00017562346329469617,0.02,1,0.0002457002457002457,0.02
region,Regional groups,Principles and Symbols,0,0,0,0.0,0.0,0,0.0,0.0,0,0.0,0.0,0,0.0,0.0,0,0.0,0.0,0,0.0,0.0
rellaw,Religious law,Culture and Identity,0,0,4,0.0006675567423230974,0.07,1,0.0014388489208633094,0.14,0,0.0,0.0,87,0.0018969539716111026,0.19,4,0.0007024938531787847,0.07,5,0.0012285012285012285,0.12
reltax,Tax status of religious organizations,Culture and Identity,0,0,3,0.0005006675567423231,0.05,0,0.0,0.0,0,0.0,0.0,22,0.00047968951006257767,0.05,1,0.00017562346329469617,0.02,0,0.0,0.0
remleg,Legislator removal,Legislature,0,1,6,0.0010013351134846463,0.1,0,0.0,0.0,0,0.0,0.0,10,0.00021804068639208075,0.02,1,0.00017562346329469617,0.02,0,0.0,0.0
remuner,Equal pay for equal work,Rights and Duties,1,0,111,0.018524699599465955,1.85,12,0.017266187050359712,1.73,2,0.011111111111111112,1.11,946,0.02062664893269084,2.06,180,0.03161222339304531,3.16,115,0.028255528255528257,2.83
resenex,Entry or exit restrictions,Culture and Identity,0,0,0,0.0,0.0,0,0.0,0.0,0,0.0,0.0,0,0.0,0.0,0,0.0,0.0,0,0.0,0.0
resrce,Natural resources ownership,Principles and Symbols,0,0,1,0.00016688918558077436,0.02,0,0.0,0.0,0,0.0,0.0,2,4.360813727841615e-05,0.0,0,0.0,0.0,0,0.0,0.0
rightres,Rights restrictions,Rights and Duties,1,0,1,0.00016688918558077436,0.02,0,0.0,0.0,0,0.0,0.0,6,0.00013082441183524845,0.01,1,0.00017562346329469617,0.02,0,0.0,0.0
rulelaw,Rule of law,Rights and Duties,1,0,18,0.0030040053404539386,0.3,3,0.004316546762589928,0.43,0,0.0,0.0,384,0.0083727623574559,0.84,52,0.0091324200913242,0.91,35,0.0085995085995086,0.86
safework,Safe work,Rights and Duties,1,0,0,0.0,0.0,0,0.0,0.0,0,0.0,0.0,0,0.0,0.0,0,0.0,0.0,0,0.0,0.0
science,Science,Principles and Symbols,0,0,0,0.0,0.0,0,0.0,0.0,0,0.0,0.0,4,8.72162745568323e-05,0.01,0,0.0,0.0,1,0.0002457002457002457,0.02
scifree,Scientific benefits,Rights and Duties,1,0,0,0.0,0.0,0,0.0,0.0,0,0.0,0.0,0,0.0,0.0,0,0.0,0.0,0,0.0,0.0
seccess,Territory secession,Federalism,0,1,0,0.0,0.0,0,0.0,0.0,0,0.0,0.0,25,0.0005451017159802019,0.05,9,0.0015806111696522655,0.16,6,0.0014742014742014742,0.15
selfdet,Self determination,Rights and Duties,1,0,7,0.0011682242990654205,0.12,1,0.0014388489208633094,0.14,0,0.0,0.0,111,0.0024202516189520966,0.24,11,0.001931858096241658,0.19,9,0.0022113022113022115,0.22
seprel,Separation of church and state,Culture and Identity,0,0,31,0.005173564753004005,0.52,3,0.004316546762589928,0.43,0,0.0,0.0,328,0.007151734513660249,0.72,7,0.0012293642430628731,0.12,15,0.0036855036855036856,0.37
session,Legislative session length,Legislature,0,1,0,0.0,0.0,0,0.0,0.0,0,0.0,0.0,0,0.0,0.0,0,0.0,0.0,0,0.0,0.0
shelter,Shelter,Rights and Duties,1,0,0,0.0,0.0,0,0.0,0.0,0,0.0,0.0,2,4.360813727841615e-05,0.0,0,0.0,0.0,0,0.0,0.0
slave,Slavery,Rights and Duties,1,0,0,0.0,0.0,0,0.0,0.0,0,0.0,0.0,0,0.0,0.0,0,0.0,0.0,0,0.0,0.0
socclas,Social class,Rights and Duties,1,0,0,0.0,0.0,0,0.0,0.0,0,0.0,0.0,1,2.1804068639208077e-05,0.0,0,0.0,0.0,0,0.0,0.0
socsec,Social security,Rights and Duties,1,0,179,0.029873164218958612,2.99,13,0.01870503597122302,1.87,7,0.03888888888888889,3.89,299,0.006519416523123215,0.65,25,0.0043905865823674044,0.44,23,0.005651105651105651,0.57
solid,Fraternity and solidarity,Principles and Symbols,0,0,90,0.015020026702269693,1.5,6,0.008633093525179856,0.86,0,0.0,0.0,160,0.003488650982273292,0.35,17,0.002985598876009835,0.3,15,0.0036855036855036856,0.37
speedtri,Speedy trial,Rights and Duties,1,0,0,0.0,0.0,0,0.0,0.0,0,0.0,0.0,0,0.0,0.0,0,0.0,0.0,0,0.0,0.0
spend,Spending law,Legislature,0,1,0,0.0,0.0,0,0.0,0.0,0,0.0,0.0,1,2.1804068639208077e-05,0.0,0,0.0,0.0,0,0.0,0.0
standliv,Standard of living,Rights and Duties,1,0,0,0.0,0.0,0,0.0,0.0,0,0.0,0.0,4,8.72162745568323e-05,0.01,1,0.00017562346329469617,0.02,1,0.0002457002457002457,0.02
stdcom,Standing committees,Legislature,0,1,0,0.0,0.0,0,0.0,0.0,0,0.0,0.0,0,0.0,0.0,0,0.0,0.0,0,0.0,0.0
strike,Strike,Rights and Duties,1,0,0,0.0,0.0,0,0.0,0.0,0,0.0,0.0,1,2.1804068639208077e-05,0.0,0,0.0,0.0,0,0.0,0.0
sub,Subsidiary unit government,Federalism,0,1,6,0.0010013351134846463,0.1,1,0.0014388489208633094,0.14,3,0.016666666666666666,1.67,98,0.0021367987266423913,0.21,14,0.0024587284861257463,0.25,9,0.0022113022113022115,0.22
suppow,Supreme court powers,Judiciary,0,1,231,0.038551401869158876,3.86,13,0.01870503597122302,1.87,4,0.022222222222222223,2.22,1199,0.026143078298410484,2.61,137,0.024060414471373377,2.41,86,0.02113022113022113,2.11
system,Government system,Principles and Symbols,0,0,19,0.003170894526034713,0.32,4,0.0057553956834532375,0.58,2,0.011111111111111112,1.11,184,0.004011948629614286,0.4,26,0.0045662100456621,0.46,24,0.005896805896805897,0.59
tax,Tax law,Legislature,0,1,0,0.0,0.0,0,0.0,0.0,0,0.0,0.0,4,8.72162745568323e-05,0.01,0,0.0,0.0,0,0.0,0.0
taxes,Taxes requirement,Rights and Duties,1,0,15,0.0025033377837116156,0.25,3,0.004316546762589928,0.43,0,0.0,0.0,139,0.0030307655408499225,0.3,14,0.0024587284861257463,0.25,10,0.002457002457002457,0.25
telecom,Telecommunications,Regulation and Oversight,0,1,0,0.0,0.0,0,0.0,0.0,0,0.0,0.0,0,0.0,0.0,0,0.0,0.0,0,0.0,0.0
terror,Terrorism,Executive,0,1,0,0.0,0.0,0,0.0,0.0,0,0.0,0.0,0,0.0,0.0,0,0.0,0.0,0,0.0,0.0
torture,Torture,Rights and Duties,1,0,0,0.0,0.0,0,0.0,0.0,0,0.0,0.0,0,0.0,0.0,0,0.0,0.0,0,0.0,0.0
tranprov,Transition,Special Sections,0,0,0,0.0,0.0,0,0.0,0.0,0,0.0,0.0,0,0.0,0.0,0,0.0,0.0,0,0.0,0.0
transfer,Transfer property,Rights and Duties,1,0,0,0.0,0.0,0,0.0,0.0,0,0.0,0.0,0,0.0,0.0,0,0.0,0.0,0,0.0,0.0
treat,Treaty ratification,International Law,0,1,0,0.0,0.0,0,0.0,0.0,0,0.0,0.0,1,2.1804068639208077e-05,0.0,0,0.0,0.0,0,0.0,0.0
treatcon,Treaty legal status,International Law,0,1,0,0.0,0.0,0,0.0,0.0,0,0.0,0.0,0,0.0,0.0,0,0.0,0.0,0,0.0,0.0
trilang,Trial in native language of accused,"Rights and Duties,Culture and Identity",0,0,0,0.0,0.0,0,0.0,0.0,0,0.0,0.0,0,0.0,0.0,0,0.0,0.0,0,0.0,0.0
truthcom,Truth and reconciliation commission,Regulation and Oversight,0,1,0,0.0,0.0,0,0.0,0.0,0,0.0,0.0,0,0.0,0.0,0,0.0,0.0,0,0.0,0.0
tv,Television,Regulation and Oversight,0,1,0,0.0,0.0,0,0.0,0.0,0,0.0,0.0,0,0.0,0.0,0,0.0,0.0,0,0.0,0.0
uhage,Second chamber age,Legislature,0,1,0,0.0,0.0,0,0.0,0.0,0,0.0,0.0,0,0.0,0.0,0,0.0,0.0,0,0.0,0.0
uhlead,Second chamber leader,Legislature,0,1,0,0.0,0.0,0,0.0,0.0,0,0.0,0.0,2,4.360813727841615e-05,0.0,1,0.00017562346329469617,0.02,0,0.0,0.0
uhquota,Second chamber quota,Legislature,0,1,0,0.0,0.0,0,0.0,0.0,0,0.0,0.0,0,0.0,0.0,0,0.0,0.0,0,0.0,0.0
uhrest,Second chamber eligibility,Legislature,0,1,0,0.0,0.0,0,0.0,0.0,0,0.0,0.0,0,0.0,0.0,0,0.0,0.0,0,0.0,0.0
uhseats,Second chamber size,Legislature,0,1,0,0.0,0.0,0,0.0,0.0,0,0.0,0.0,0,0.0,0.0,0,0.0,0.0,0,0.0,0.0
uhselect,Second chamber selection,Legislature,0,1,0,0.0,0.0,0,0.0,0.0,0,0.0,0.0,0,0.0,0.0,0,0.0,0.0,0,0.0,0.0
uhspleg,Second chamber policy areas,Legislature,0,1,0,0.0,0.0,0,0.0,0.0,0,0.0,0.0,0,0.0,0.0,0,0.0,0.0,0,0.0,0.0
uhterm,Second chamber term length,Legislature,0,1,0,0.0,0.0,0,0.0,0.0,0,0.0,0.0,0,0.0,0.0,0,0.0,0.0,0,0.0,0.0
uhtrmlim,Second chamber term limits,Legislature,0,1,0,0.0,0.0,0,0.0,0.0,0,0.0,0.0,4,8.72162745568323e-05,0.01,0,0.0,0.0,0,0.0,0.0
unamend,Unamendable,Amendment,0,1,0,0.0,0.0,0,0.0,0.0,0,0.0,0.0,4,8.72162745568323e-05,0.01,1,0.00017562346329469617,0.02,0,0.0,0.0
uncon,Constitutionality of legislation,Judiciary,0,1,0,0.0,0.0,0,0.0,0.0,0,0.0,0.0,4,8.72162745568323e-05,0.01,0,0.0,0.0,0,0.0,0.0
vicright,Victims,Rights and Duties,1,0,0,0.0,0.0,0,0.0,0.0,0,0.0,0.0,2,4.360813727841615e-05,0.0,0,0.0,0.0,0,0.0,0.0
votemin,Voting age,Elections,0,1,2,0.0003337783711615487,0.03,1,0.0014388489208633094,0.14,0,0.0,0.0,29,0.0006323179905370342,0.06,6,0.001053740779768177,0.11,2,0.0004914004914004914,0.05
voteres,Voting restrictions,Elections,0,1,0,0.0,0.0,0,0.0,0.0,0,0.0,0.0,1,2.1804068639208077e-05,0.0,0,0.0,0.0,0,0.0,0.0
voteun,Universal suffrage,"Rights and Duties,Elections",0,1,12,0.0020026702269692926,0.2,2,0.0028776978417266188,0.29,0,0.0,0.0,153,0.0033360225017988357,0.33,23,0.004039339655778012,0.4,22,0.005405405405405406,0.54
war,War,"International Law,Executive",0,1,0,0.0,0.0,0,0.0,0.0,0,0.0,0.0,0,0.0,0.0,0,0.0,0.0,0,0.0,0.0
wolaw,No punishment without law,Rights and Duties,1,0,0,0.0,0.0,0,0.0,0.0,0,0.0,0.0,17,0.0003706691668665373,0.04,7,0.0012293642430628731,0.12,1,0.0002457002457002457,0.02
work,Work requirement,Rights and Duties,1,0,0,0.0,0.0,0,0.0,0.0,0,0.0,0.0,0,0.0,0.0,0,0.0,0.0,0,0.0,0.0
