Topic ID,Topic label,Topic categories,Rights topic,Institution topic,# Constitution sections,Scaled Constitution sections,% Constitution sections,# Regional responses,Scaled Regional responses,% Regional responses,# Provincial responses,Scaled Provincial responses,% Provincial responses,# ELA responses,Scaled ELA responses,% ELA responses,# Aggregated responses,Scaled Aggregated responses,% Aggregated responses
abide,Constitutional adherence,Rights and Duties,1,0,65,0.009047884187082406,0.9,92,0.018323043218482375,1.83,109,0.015873015873015872,1.59,1053,0.018549836169538102,1.85,1254,0.018265505287383108,1.83
access,Territory accession,Federalism,0,1,1,0.00013919821826280623,0.01,0,0.0,0.0,0,0.0,0.0,2,3.5232357397033434e-05,0.0,2,2.9131587380196348e-05,0.0
acfree,Academic freedom,Rights and Duties,1,0,11,0.0015311804008908685,0.15,1,0.00019916351324437363,0.02,2,0.000291247997670016,0.03,21,0.0003699397526688511,0.04,24,0.00034957904856235616,0.03
achighed,Higher education,Rights and Duties,1,0,7,0.0009743875278396437,0.1,1,0.00019916351324437363,0.02,1,0.000145623998835008,0.01,15,0.0002642426804777508,0.03,17,0.00024761849273166896,0.02
adage,Administrative court age,Judiciary,0,1,1,0.00013919821826280623,0.01,0,0.0,0.0,0,0.0,0.0,1,1.7616178698516717e-05,0.0,1,1.4565793690098174e-05,0.0
adres,Administrative court eligibility,Judiciary,0,1,25,0.003479955456570156,0.35,0,0.0,0.0,0,0.0,0.0,4,7.046471479406687e-05,0.01,4,5.8263174760392695e-05,0.01
adsel,Administrative court selection,Judiciary,0,1,18,0.0025055679287305124,0.25,0,0.0,0.0,0,0.0,0.0,6,0.00010569707219110031,0.01,6,8.739476214058904e-05,0.01
adterm,Administrative court term length,Judiciary,0,1,3,0.0004175946547884187,0.04,0,0.0,0.0,0,0.0,0.0,0,0.0,0.0,0,0.0,0.0
adtermn,Administrative court term limits,Judiciary,0,1,5,0.0006959910913140312,0.07,0,0.0,0.0,0,0.0,0.0,0,0.0,0.0,0,0.0,0.0
amend,Constitution amendment,Amendment,0,1,66,0.009187082405345211,0.92,176,0.03505277833100976,3.51,259,0.03771661569826707,3.77,1786,0.03146249515555086,3.15,2221,0.03235062778570804,3.24
amparo,Amparo,"Rights and Duties,Judiciary",0,1,0,0.0,0.0,0,0.0,0.0,0,0.0,0.0,0,0.0,0.0,0,0.0,0.0
anthem,Anthem,Principles and Symbols,0,0,8,0.0011135857461024498,0.11,0,0.0,0.0,0,0.0,0.0,0,0.0,0.0,0,0.0,0.0
appeal,Appeal,Rights and Duties,1,0,17,0.002366369710467706,0.24,0,0.0,0.0,0,0.0,0.0,0,0.0,0.0,0,0.0,0.0
arms,Bear arms,Rights and Duties,1,0,0,0.0,0.0,0,0.0,0.0,0,0.0,0.0,0,0.0,0.0,0,0.0,0.0
artists,Art,Principles and Symbols,0,0,0,0.0,0.0,0,0.0,0.0,0,0.0,0.0,0,0.0,0.0,0,0.0,0.0
assem,Freedom of assembly,Rights and Duties,1,0,7,0.0009743875278396437,0.1,0,0.0,0.0,4,0.000582495995340032,0.06,26,0.00045802064616143464,0.05,30,0.0004369738107029452,0.04
assets,Legislator asset disclosure,Legislature,0,1,2,0.00027839643652561246,0.03,0,0.0,0.0,0,0.0,0.0,0,0.0,0.0,0,0.0,0.0
assoc,Freedom of association,Rights and Duties,1,0,22,0.003062360801781737,0.31,1,0.00019916351324437363,0.02,3,0.00043687199650502403,0.04,18,0.00031709121657330094,0.03,22,0.0003204474611821598,0.03
asylum,Stateless persons,Rights and Duties,1,0,0,0.0,0.0,1,0.00019916351324437363,0.02,0,0.0,0.0,0,0.0,0.0,1,1.4565793690098174e-05,0.0
atgen,Attorney general,Executive,0,1,75,0.010439866369710468,1.04,0,0.0,0.0,0,0.0,0.0,3,5.2848536095550154e-05,0.01,3,4.369738107029452e-05,0.0
attend,Legislator attendance,Legislature,0,1,11,0.0015311804008908685,0.15,6,0.0011949810794662419,0.12,6,0.0008737439930100481,0.09,92,0.001620688440263538,0.16,104,0.00151484254377021,0.15
auth,Source of constitutional authority,Principles and Symbols,0,0,56,0.0077951002227171495,0.78,0,0.0,0.0,1,0.000145623998835008,0.01,28,0.0004932530035584681,0.05,29,0.000422408017012847,0.04
balbudgt,Balanced budget,Legislature,0,1,1,0.00013919821826280623,0.01,0,0.0,0.0,0,0.0,0.0,0,0.0,0.0,0,0.0,0.0
bank,Bank,Regulation and Oversight,0,1,3,0.0004175946547884187,0.04,0,0.0,0.0,0,0.0,0.0,0,0.0,0.0,0,0.0,0.0
binding,Binding effect of rights,Rights and Duties,1,0,17,0.002366369710467706,0.24,1,0.00019916351324437363,0.02,1,0.000145623998835008,0.01,14,0.00024662650177923406,0.02,16,0.00023305269904157078,0.02
budget,Budget law,Legislature,0,1,8,0.0011135857461024498,0.11,0,0.0,0.0,0,0.0,0.0,0,0.0,0.0,0,0.0,0.0
busines,Business,Rights and Duties,1,0,0,0.0,0.0,0,0.0,0.0,0,0.0,0.0,1,1.7616178698516717e-05,0.0,1,1.4565793690098174e-05,0.0
cabdiss,Cabinet/minister removal,Executive,0,1,27,0.0037583518930957684,0.38,0,0.0,0.0,1,0.000145623998835008,0.01,1,1.7616178698516717e-05,0.0,2,2.9131587380196348e-05,0.0
cabinet,Cabinet/ministers,Executive,0,1,147,0.020462138084632518,2.05,1,0.00019916351324437363,0.02,0,0.0,0.0,16,0.00028185885917626747,0.03,17,0.00024761849273166896,0.02
cabpow,Cabinet/minister powers,Executive,0,1,101,0.01405902004454343,1.41,6,0.0011949810794662419,0.12,13,0.0018931119848551042,0.19,57,0.001004122185815453,0.1,76,0.0011070003204474612,0.11
cabrest,Cabinet/minister eligibility,Executive,0,1,79,0.010996659242761693,1.1,0,0.0,0.0,1,0.000145623998835008,0.01,1,1.7616178698516717e-05,0.0,2,2.9131587380196348e-05,0.0
cabsel,Cabinet/minister selection,Executive,0,1,4,0.0005567928730512249,0.06,0,0.0,0.0,0,0.0,0.0,1,1.7616178698516717e-05,0.0,1,1.4565793690098174e-05,0.0
camppubf,Campaign financing,Elections,0,1,9,0.0012527839643652562,0.13,0,0.0,0.0,1,0.000145623998835008,0.01,0,0.0,0.0,1,1.4565793690098174e-05,0.0
capital,Capital,Principles and Symbols,0,0,28,0.0038975501113585748,0.39,0,0.0,0.0,0,0.0,0.0,0,0.0,0.0,0,0.0,0.0
cappun,Death penalty,Rights and Duties,1,0,22,0.003062360801781737,0.31,0,0.0,0.0,2,0.000291247997670016,0.03,25,0.00044040446746291796,0.04,27,0.00039327642963265066,0.04
cc,Counter corruption commission,Regulation and Oversight,0,1,9,0.0012527839643652562,0.13,0,0.0,0.0,0,0.0,0.0,0,0.0,0.0,0,0.0,0.0
census,Census,Elections,0,1,3,0.0004175946547884187,0.04,0,0.0,0.0,0,0.0,0.0,0,0.0,0.0,0,0.0,0.0
childpro,Children,Rights and Duties,1,0,5,0.0006959910913140312,0.07,0,0.0,0.0,0,0.0,0.0,0,0.0,0.0,0,0.0,0.0
childwrk,Child employment,Rights and Duties,1,0,6,0.0008351893095768374,0.08,0,0.0,0.0,0,0.0,0.0,2,3.5232357397033434e-05,0.0,2,2.9131587380196348e-05,0.0
citdep,Citizen deportation,Culture and Identity,0,0,34,0.004732739420935412,0.47,0,0.0,0.0,1,0.000145623998835008,0.01,3,5.2848536095550154e-05,0.01,4,5.8263174760392695e-05,0.01
citizen,Birthright citizenship,Culture and Identity,0,0,42,0.005846325167037862,0.58,0,0.0,0.0,0,0.0,0.0,2,3.5232357397033434e-05,0.0,2,2.9131587380196348e-05,0.0
citren,Citizenship renunciation,"Rights and Duties,Culture and Identity",0,0,54,0.007516703786191537,0.75,0,0.0,0.0,3,0.00043687199650502403,0.04,9,0.00015854560828665047,0.02,12,0.00017478952428117808,0.02
citrev,Citizenship revocation,Culture and Identity,0,0,55,0.007655902004454343,0.77,0,0.0,0.0,0,0.0,0.0,7,0.00012331325088961703,0.01,7,0.00010196055583068721,0.01
civil,Civil service recruitment,Principles and Symbols,0,0,0,0.0,0.0,0,0.0,0.0,0,0.0,0.0,0,0.0,0.0,0,0.0,0.0
civilmil,Defense minister eligibility,Executive,0,1,2,0.00027839643652561246,0.03,0,0.0,0.0,0,0.0,0.0,1,1.7616178698516717e-05,0.0,1,1.4565793690098174e-05,0.0
civmar,Civil marriage,Rights and Duties,1,0,5,0.0006959910913140312,0.07,0,0.0,0.0,0,0.0,0.0,0,0.0,0.0,0,0.0,0.0
colony,Colonies,Principles and Symbols,0,0,0,0.0,0.0,0,0.0,0.0,0,0.0,0.0,0,0.0,0.0,0,0.0,0.0
comchief,Commander in chief,Executive,0,1,13,0.001809576837416481,0.18,0,0.0,0.0,2,0.000291247997670016,0.03,0,0.0,0.0,2,2.9131587380196348e-05,0.0
commit,Legislative committees,Legislature,0,1,3,0.0004175946547884187,0.04,0,0.0,0.0,1,0.000145623998835008,0.01,8,0.00014092942958813373,0.01,9,0.00013109214321088355,0.01
compvote,Compulsory voting,Elections,0,1,5,0.0006959910913140312,0.07,42,0.008364867556263693,0.84,55,0.00800931993592544,0.8,778,0.013705387027446007,1.37,875,0.012745069478835901,1.27
conage,Constitutional court age,Judiciary,0,1,9,0.0012527839643652562,0.13,2,0.00039832702648874725,0.04,1,0.000145623998835008,0.01,9,0.00015854560828665047,0.02,12,0.00017478952428117808,0.02
concop,Constitutional court opinions,Judiciary,0,1,84,0.011692650334075724,1.17,10,0.0019916351324437364,0.2,15,0.00218435998252512,0.22,268,0.00472113589120248,0.47,293,0.004267777551198765,0.43
conlim,Constitutional court term limits,Judiciary,0,1,78,0.010857461024498886,1.09,4,0.0007966540529774945,0.08,7,0.0010193679918450561,0.1,199,0.003505619561004827,0.35,210,0.0030588166749206166,0.31
conpow,Constitutional court powers,Judiciary,0,1,466,0.0648663697104677,6.49,348,0.06930890260904202,6.93,454,0.06611329547109364,6.61,2759,0.048603037029207624,4.86,3561,0.0518687913304396,5.19
conrem,Constitutional court removal,Judiciary,0,1,193,0.026865256124721605,2.69,106,0.021111332403903605,2.11,145,0.021115479831076162,2.11,1249,0.02200260719444738,2.2,1500,0.02184869053514726,2.18
conres,Constitutional court eligibility,Judiciary,0,1,97,0.013502227171492204,1.35,29,0.005775741884086835,0.58,42,0.0061162079510703364,0.61,725,0.01277172955642462,1.28,796,0.011594371777318146,1.16
conright,Consumers,Rights and Duties,1,0,1,0.00013919821826280623,0.01,0,0.0,0.0,0,0.0,0.0,1,1.7616178698516717e-05,0.0,1,1.4565793690098174e-05,0.0
consel,Constitutional court selection,Judiciary,0,1,157,0.02185412026726058,2.19,24,0.0047799243178649675,0.48,30,0.00436871996505024,0.44,272,0.004791600605996547,0.48,326,0.004748448742972005,0.47
conterm,Constitutional court term length,Judiciary,0,1,70,0.009743875278396437,0.97,3,0.0005974905397331209,0.06,6,0.0008737439930100481,0.09,138,0.002431032660395307,0.24,147,0.0021411716724444316,0.21
corppun,Corporal punishment,Rights and Duties,1,0,3,0.0004175946547884187,0.04,0,0.0,0.0,0,0.0,0.0,0,0.0,0.0,0,0.0,0.0
couns,Counsel,Rights and Duties,1,0,0,0.0,0.0,0,0.0,0.0,0,0.0,0.0,1,1.7616178698516717e-05,0.0,1,1.4565793690098174e-05,0.0
cruelty,Cruel treatment,Rights and Duties,1,0,85,0.01183184855233853,1.18,0,0.0,0.0,0,0.0,0.0,0,0.0,0.0,0,0.0,0.0
cultrght,Culture,Rights and Duties,1,0,1,0.00013919821826280623,0.01,12,0.0023899621589324837,0.24,13,0.0018931119848551042,0.19,61,0.0010745869006095199,0.11,86,0.001252658257348443,0.13
custlaw,Customary international law,International Law,0,1,24,0.0033407572383073497,0.33,0,0.0,0.0,0,0.0,0.0,2,3.5232357397033434e-05,0.0,2,2.9131587380196348e-05,0.0
debtors,Debtors,Rights and Duties,1,0,0,0.0,0.0,0,0.0,0.0,0,0.0,0.0,0,0.0,0.0,0,0.0,0.0
democ,Democracy,Principles and Symbols,0,0,10,0.0013919821826280624,0.14,393,0.07827126070503884,7.83,476,0.06931702344546381,6.93,3408,0.06003593700454497,6.0,4277,0.06229789961254989,6.23
depexec,Deputy executive,Executive,0,1,193,0.026865256124721605,2.69,1,0.00019916351324437363,0.02,2,0.000291247997670016,0.03,29,0.0005108691822569848,0.05,32,0.00046610539808314156,0.05
devlpers,Personality development,Rights and Duties,1,0,2,0.00027839643652561246,0.03,0,0.0,0.0,1,0.000145623998835008,0.01,10,0.00017616178698516717,0.02,11,0.0001602237305910799,0.02
dignity,Human dignity,Rights and Duties,1,0,17,0.002366369710467706,0.24,26,0.005178251344353714,0.52,19,0.002766855977865152,0.28,203,0.003576084275798894,0.36,248,0.003612316835144347,0.36
district,Electoral districts,Elections,0,1,27,0.0037583518930957684,0.38,10,0.0019916351324437364,0.2,6,0.0008737439930100481,0.09,94,0.0016559207976605715,0.17,110,0.0016022373059107991,0.16
divhouse,Legislative division of labor,Legislature,0,1,1,0.00013919821826280623,0.01,0,0.0,0.0,0,0.0,0.0,1,1.7616178698516717e-05,0.0,1,1.4565793690098174e-05,0.0
doubjep,Double jeopardy,Rights and Duties,1,0,2,0.00027839643652561246,0.03,0,0.0,0.0,0,0.0,0.0,1,1.7616178698516717e-05,0.0,1,1.4565793690098174e-05,0.0
dueproc,Due process,Rights and Duties,1,0,6,0.0008351893095768374,0.08,0,0.0,0.0,0,0.0,0.0,0,0.0,0.0,0,0.0,0.0
ecage,Electoral court age,"Judiciary,Elections,Regulation and Oversight",0,1,30,0.0041759465478841875,0.42,2,0.00039832702648874725,0.04,1,0.000145623998835008,0.01,23,0.0004051721100658845,0.04,26,0.0003787106359425525,0.04
ecom,Electoral commission,"Elections,Regulation and Oversight",0,1,17,0.002366369710467706,0.24,0,0.0,0.0,0,0.0,0.0,1,1.7616178698516717e-05,0.0,1,1.4565793690098174e-05,0.0
econplan,Economic plans,Legislature,0,1,15,0.0020879732739420937,0.21,0,0.0,0.0,0,0.0,0.0,0,0.0,0.0,0,0.0,0.0
ecpow,Electoral court powers,"Judiciary,Elections,Regulation and Oversight",0,1,15,0.0020879732739420937,0.21,3,0.0005974905397331209,0.06,6,0.0008737439930100481,0.09,63,0.0011098192580065531,0.11,72,0.0010487371456870684,0.1
ecrdet,Electoral court removal,"Judiciary,Elections,Regulation and Oversight",0,1,40,0.005567928730512249,0.56,20,0.003983270264887473,0.4,37,0.005388087956895296,0.54,395,0.006958390585914104,0.7,452,0.006583738747924375,0.66
ecres,Electoral court eligibility,"Judiciary,Elections,Regulation and Oversight",0,1,121,0.016842984409799554,1.68,4,0.0007966540529774945,0.08,9,0.001310615989515072,0.13,118,0.002078709086424973,0.21,131,0.0019081189734028608,0.19
ecsel,Electoral court selection,"Judiciary,Elections,Regulation and Oversight",0,1,69,0.00960467706013363,0.96,5,0.0009958175662218682,0.1,16,0.002329983981360128,0.23,166,0.002924285663953775,0.29,187,0.0027238034200483584,0.27
ecterm,Electoral court term length,"Judiciary,Elections,Regulation and Oversight",0,1,21,0.002923162583518931,0.29,0,0.0,0.0,3,0.00043687199650502403,0.04,27,0.0004756368248599514,0.05,30,0.0004369738107029452,0.04
ecterml,Electoral court term limits,"Judiciary,Elections,Regulation and Oversight",0,1,17,0.002366369710467706,0.24,0,0.0,0.0,4,0.000582495995340032,0.06,36,0.0006341824331466019,0.06,40,0.0005826317476039269,0.06
edcomp,Compulsory education,Rights and Duties,1,0,4,0.0005567928730512249,0.06,4,0.0007966540529774945,0.08,0,0.0,0.0,2,3.5232357397033434e-05,0.0,6,8.739476214058904e-05,0.01
edfree,Free education,Rights and Duties,1,0,38,0.005289532293986637,0.53,2,0.00039832702648874725,0.04,6,0.0008737439930100481,0.09,66,0.0011626677941021033,0.12,74,0.001077868733067265,0.11
electsch,Election schedule,Elections,0,1,10,0.0013919821826280624,0.14,0,0.0,0.0,0,0.0,0.0,0,0.0,0.0,0,0.0,0.0
em,Emergencies,Executive,0,1,19,0.0026447661469933183,0.26,0,0.0,0.0,0,0.0,0.0,1,1.7616178698516717e-05,0.0,1,1.4565793690098174e-05,0.0
env,Environment,Rights and Duties,1,0,63,0.008769487750556793,0.88,322,0.06413065126468831,6.41,421,0.061307703509538375,6.13,2109,0.037152520875171756,3.72,2852,0.04154164360415999,4.15
equal,Equality before the law,Rights and Duties,1,0,78,0.010857461024498886,1.09,454,0.09042023501294563,9.04,623,0.09072375127421,9.07,4872,0.08582602261917345,8.58,5949,0.08665190666239403,8.67
equalgr1,Equality regardless of gender,Rights and Duties,1,0,7,0.0009743875278396437,0.1,337,0.06711810396335391,6.71,517,0.07528760739769914,7.53,4694,0.08269034281083747,8.27,5548,0.08081102339266466,8.08
equalgr10,Equality regardless of skin color,Rights and Duties,1,0,7,0.0009743875278396437,0.1,94,0.01872137024497112,1.87,119,0.017329255861365953,1.73,1479,0.026054328295106226,2.61,1692,0.02464532292364611,2.46
equalgr11,Equality regardless of creed or belief,"Rights and Duties,Culture and Identity",0,0,1,0.00013919821826280623,0.01,136,0.027086237801234814,2.71,171,0.02490170380078637,2.49,1144,0.020152908431103126,2.02,1451,0.02113496664433245,2.11
equalgr12,Equality regardless of social status,Rights and Duties,1,0,4,0.0005567928730512249,0.06,21,0.0041824337781318464,0.42,25,0.0036405999708752,0.36,247,0.004351196138533629,0.44,293,0.004267777551198765,0.43
equalgr13,Equality regardless of financial status,Rights and Duties,1,0,0,0.0,0.0,1,0.00019916351324437363,0.02,1,0.000145623998835008,0.01,2,3.5232357397033434e-05,0.0,4,5.8263174760392695e-05,0.01
equalgr14,Equality regardless of tribe or clan,"Rights and Duties,Culture and Identity",0,0,3,0.0004175946547884187,0.04,5,0.0009958175662218682,0.1,9,0.001310615989515072,0.13,64,0.0011274354367050699,0.11,78,0.0011361319078276575,0.11
equalgr15,Equality regardless of political party,"Rights and Duties,Elections",0,1,1,0.00013919821826280623,0.01,21,0.0041824337781318464,0.42,23,0.0033493519732051844,0.33,178,0.0031356798083359756,0.31,222,0.0032336061992017944,0.32
equalgr16,Equality regardless of parentage,Rights and Duties,1,0,1,0.00013919821826280623,0.01,59,0.011750647281418045,1.18,77,0.011213047910295617,1.12,736,0.012965507522108304,1.3,872,0.012701372097765607,1.27
equalgr2,Equality regardless of nationality,"Rights and Duties,Culture and Identity",0,0,4,0.0005567928730512249,0.06,20,0.003983270264887473,0.4,22,0.003203727974370176,0.32,308,0.005425783039143149,0.54,350,0.00509802779153436,0.51
equalgr3,Equality regardless of origin,"Rights and Duties,Culture and Identity",0,0,5,0.0006959910913140312,0.07,15,0.0029874526986656044,0.3,17,0.0024756079801951363,0.25,201,0.0035408519184018604,0.35,233,0.0033938299297928743,0.34
equalgr4,Equality regardless of race,"Rights and Duties,Culture and Identity",0,0,9,0.0012527839643652562,0.13,205,0.04082852021509659,4.08,320,0.046599679627202566,4.66,3558,0.06267836380932248,6.27,4083,0.05947213563667084,5.95
equalgr5,Equality regardless of language,"Rights and Duties,Culture and Identity",0,0,0,0.0,0.0,2,0.00039832702648874725,0.04,4,0.000582495995340032,0.06,36,0.0006341824331466019,0.06,42,0.0006117633349841233,0.06
equalgr6,Equality regardless of religion,"Rights and Duties,Culture and Identity",0,0,1,0.00013919821826280623,0.01,369,0.07349133638717387,7.35,499,0.072666375418669,7.27,3480,0.06130430187083818,6.13,4348,0.06333207096454686,6.33
equalgr7,Equality regardless of sexual orientation,Rights and Duties,1,0,3,0.0004175946547884187,0.04,330,0.06572395937064329,6.57,490,0.07135575942915393,7.14,3884,0.06842123806503893,6.84,4704,0.06851749351822181,6.85
equalgr8,Equality regardless of age,Rights and Duties,1,0,0,0.0,0.0,12,0.0023899621589324837,0.24,9,0.001310615989515072,0.13,116,0.0020434767290279394,0.2,137,0.00199551373554345,0.2
equalgr9,Equality for persons with disabilities,Rights and Duties,1,0,3,0.0004175946547884187,0.04,0,0.0,0.0,0,0.0,0.0,5,8.808089349258359e-05,0.01,5,7.282896845049086e-05,0.01
ethincl,Ethnic community integration,Culture and Identity,0,0,0,0.0,0.0,0,0.0,0.0,0,0.0,0.0,8,0.00014092942958813373,0.01,8,0.00011652634952078539,0.01
evidence,Evidence collection,Rights and Duties,1,0,0,0.0,0.0,0,0.0,0.0,0,0.0,0.0,0,0.0,0.0,0,0.0,0.0
examwit,Evidence examination,Rights and Duties,1,0,21,0.002923162583518931,0.29,0,0.0,0.0,0,0.0,0.0,0,0.0,0.0,0,0.0,0.0
excrim,Extradition,Rights and Duties,1,0,14,0.0019487750556792874,0.19,0,0.0,0.0,0,0.0,0.0,0,0.0,0.0,0,0.0,0.0
execindp,Executive independence,Executive,0,1,7,0.0009743875278396437,0.1,0,0.0,0.0,2,0.000291247997670016,0.03,31,0.0005461015396540182,0.05,33,0.0004806711917732397,0.05
execnum,Executive structure,Executive,0,1,0,0.0,0.0,0,0.0,0.0,0,0.0,0.0,0,0.0,0.0,0,0.0,0.0
expost,Ex post facto laws,Rights and Duties,1,0,2,0.00027839643652561246,0.03,0,0.0,0.0,0,0.0,0.0,0,0.0,0.0,0,0.0,0.0
express,Freedom of expression,Rights and Duties,1,0,25,0.003479955456570156,0.35,144,0.028679545907189803,2.87,185,0.02694043978447648,2.69,1341,0.023623295634710918,2.36,1670,0.02432487546246395,2.43
exprop,Expropriation,Rights and Duties,1,0,16,0.0022271714922048997,0.22,0,0.0,0.0,3,0.00043687199650502403,0.04,3,5.2848536095550154e-05,0.01,6,8.739476214058904e-05,0.01
exsess,Extraordinary legislative session,Legislature,0,1,16,0.0022271714922048997,0.22,0,0.0,0.0,1,0.000145623998835008,0.01,3,5.2848536095550154e-05,0.01,4,5.8263174760392695e-05,0.01
fairtri,Fair trial,Rights and Duties,1,0,6,0.0008351893095768374,0.08,1,0.00019916351324437363,0.02,0,0.0,0.0,31,0.0005461015396540182,0.05,32,0.00046610539808314156,0.05
falseimp,False imprisonment,Rights and Duties,1,0,42,0.005846325167037862,0.58,0,0.0,0.0,1,0.000145623998835008,0.01,3,5.2848536095550154e-05,0.01,4,5.8263174760392695e-05,0.01
fedrev,Federal review of subnational legislation,Federalism,0,1,4,0.0005567928730512249,0.06,0,0.0,0.0,0,0.0,0.0,0,0.0,0.0,0,0.0,0.0
fedsep,National vs subnational laws,Federalism,0,1,2,0.00027839643652561246,0.03,0,0.0,0.0,0,0.0,0.0,3,5.2848536095550154e-05,0.01,3,4.369738107029452e-05,0.0
figures,Political theorists and figures,Principles and Symbols,0,0,0,0.0,0.0,0,0.0,0.0,0,0.0,0.0,0,0.0,0.0,0,0.0,0.0
finance,Finance law,Legislature,0,1,2,0.00027839643652561246,0.03,0,0.0,0.0,0,0.0,0.0,0,0.0,0.0,0,0.0,0.0
finsup1,Support for the elderly,Rights and Duties,1,0,0,0.0,0.0,0,0.0,0.0,0,0.0,0.0,0,0.0,0.0,0,0.0,0.0
finsup2,Support for the unemployed,Rights and Duties,1,0,2,0.00027839643652561246,0.03,0,0.0,0.0,0,0.0,0.0,0,0.0,0.0,0,0.0,0.0
finsup3,Support for the disabled,Rights and Duties,1,0,1,0.00013919821826280623,0.01,0,0.0,0.0,0,0.0,0.0,0,0.0,0.0,0,0.0,0.0
finsup4,Support for children,Rights and Duties,1,0,1,0.00013919821826280623,0.01,0,0.0,0.0,0,0.0,0.0,0,0.0,0.0,0,0.0,0.0
flag,Flag,Principles and Symbols,0,0,10,0.0013919821826280624,0.14,0,0.0,0.0,0,0.0,0.0,0,0.0,0.0,0,0.0,0.0
fndfam,Found a family,Rights and Duties,1,0,0,0.0,0.0,0,0.0,0.0,0,0.0,0.0,0,0.0,0.0,0,0.0,0.0
freecomp,Competitive marketplace,Rights and Duties,1,0,1,0.00013919821826280623,0.01,0,0.0,0.0,0,0.0,0.0,0,0.0,0.0,0,0.0,0.0
freeelec,Citizen secret ballot,Elections,0,1,31,0.004315144766146993,0.43,0,0.0,0.0,1,0.000145623998835008,0.01,18,0.00031709121657330094,0.03,19,0.0002767500801118653,0.03
freemove,Freedom of movement,Rights and Duties,1,0,27,0.0037583518930957684,0.38,5,0.0009958175662218682,0.1,7,0.0010193679918450561,0.1,169,0.0029771342000493254,0.3,181,0.0026364086579077693,0.26
freerel,Freedom of religion,"Rights and Duties,Culture and Identity",0,0,59,0.008212694877505568,0.82,26,0.005178251344353714,0.52,36,0.005242463958060288,0.52,701,0.012348941267660219,1.23,763,0.011113700585544907,1.11
god,God or other deities,Culture and Identity,0,0,0,0.0,0.0,0,0.0,0.0,0,0.0,0.0,0,0.0,0.0,0,0.0,0.0
govmed,State media,Regulation and Oversight,0,1,0,0.0,0.0,0,0.0,0.0,0,0.0,0.0,0,0.0,0.0,0,0.0,0.0
habcorp,Unjustified restraint,Rights and Duties,1,0,44,0.006124721603563474,0.61,0,0.0,0.0,0,0.0,0.0,2,3.5232357397033434e-05,0.0,2,2.9131587380196348e-05,0.0
headforn,Foreign affairs representative,International Law,0,1,23,0.0032015590200445434,0.32,0,0.0,0.0,0,0.0,0.0,2,3.5232357397033434e-05,0.0,2,2.9131587380196348e-05,0.0
health,Health care,Rights and Duties,1,0,2,0.00027839643652561246,0.03,4,0.0007966540529774945,0.08,4,0.000582495995340032,0.06,108,0.0019025472994398055,0.19,116,0.001689632068051388,0.17
hocage,Supreme court age,Judiciary,0,1,17,0.002366369710467706,0.24,1,0.00019916351324437363,0.02,1,0.000145623998835008,0.01,6,0.00010569707219110031,0.01,8,0.00011652634952078539,0.01
hocop,Supreme court opinions,Judiciary,0,1,100,0.013919821826280624,1.39,0,0.0,0.0,0,0.0,0.0,3,5.2848536095550154e-05,0.01,3,4.369738107029452e-05,0.0
hocres,Supreme court eligibility,Judiciary,0,1,105,0.014615812917594655,1.46,1,0.00019916351324437363,0.02,3,0.00043687199650502403,0.04,10,0.00017616178698516717,0.02,14,0.00020392111166137443,0.02
hocsel,Supreme court selection,Judiciary,0,1,84,0.011692650334075724,1.17,7,0.0013941445927106153,0.14,8,0.001164991990680064,0.12,61,0.0010745869006095199,0.11,76,0.0011070003204474612,0.11
hocterm,Supreme court term length,Judiciary,0,1,22,0.003062360801781737,0.31,0,0.0,0.0,0,0.0,0.0,0,0.0,0.0,0,0.0,0.0
hocterml,Supreme court term limits,Judiciary,0,1,37,0.00515033407572383,0.52,0,0.0,0.0,0,0.0,0.0,0,0.0,0.0,0,0.0,0.0
hogage,Head of government age,Executive,0,1,6,0.0008351893095768374,0.08,0,0.0,0.0,0,0.0,0.0,10,0.00017616178698516717,0.02,10,0.00014565793690098173,0.01
hogdec,Head of government decree power,Executive,0,1,41,0.005707126948775056,0.57,0,0.0,0.0,0,0.0,0.0,0,0.0,0.0,0,0.0,0.0
hogdiss,Head of government removal,Executive,0,1,27,0.0037583518930957684,0.38,0,0.0,0.0,1,0.000145623998835008,0.01,2,3.5232357397033434e-05,0.0,3,4.369738107029452e-05,0.0
hogdlim,Head of government removal limits,Executive,0,1,0,0.0,0.0,0,0.0,0.0,0,0.0,0.0,2,3.5232357397033434e-05,0.0,2,2.9131587380196348e-05,0.0
hogelect,Head of government selection,Executive,0,1,8,0.0011135857461024498,0.11,0,0.0,0.0,0,0.0,0.0,0,0.0,0.0,0,0.0,0.0
hogimm,Head of government immunity,Executive,0,1,5,0.0006959910913140312,0.07,0,0.0,0.0,0,0.0,0.0,2,3.5232357397033434e-05,0.0,2,2.9131587380196348e-05,0.0
hoglegr,Head of government legislative role,Executive,0,1,14,0.0019487750556792874,0.19,5,0.0009958175662218682,0.1,6,0.0008737439930100481,0.09,99,0.0017440016911531551,0.17,110,0.0016022373059107991,0.16
hogpow,Head of government powers,Executive,0,1,23,0.0032015590200445434,0.32,1,0.00019916351324437363,0.02,1,0.000145623998835008,0.01,13,0.00022901032308071732,0.02,15,0.0002184869053514726,0.02
hogrest,Head of government eligibility,Executive,0,1,41,0.005707126948775056,0.57,0,0.0,0.0,1,0.000145623998835008,0.01,2,3.5232357397033434e-05,0.0,3,4.369738107029452e-05,0.0
hogsucc,Head of government replacement,Executive,0,1,2,0.00027839643652561246,0.03,0,0.0,0.0,1,0.000145623998835008,0.01,2,3.5232357397033434e-05,0.0,3,4.369738107029452e-05,0.0
hogterm,Head of government term length,Executive,0,1,5,0.0006959910913140312,0.07,0,0.0,0.0,2,0.000291247997670016,0.03,11,0.0001937779656836839,0.02,13,0.00018935531797127625,0.02
hogterml,Head of government term limits,Executive,0,1,9,0.0012527839643652562,0.13,0,0.0,0.0,0,0.0,0.0,1,1.7616178698516717e-05,0.0,1,1.4565793690098174e-05,0.0
hosage,Head of state age,Executive,0,1,9,0.0012527839643652562,0.13,0,0.0,0.0,0,0.0,0.0,25,0.00044040446746291796,0.04,25,0.00036414484225245436,0.04
hosdec,Head of state decree power,Executive,0,1,14,0.0019487750556792874,0.19,2,0.00039832702648874725,0.04,7,0.0010193679918450561,0.1,125,0.0022020223373145895,0.22,134,0.0019518163544731551,0.2
hosdiss,Head of state removal,Executive,0,1,24,0.0033407572383073497,0.33,2,0.00039832702648874725,0.04,11,0.001601863987185088,0.16,216,0.003805094598879611,0.38,229,0.0033355667550324817,0.33
hoselect,Head of state selection,Executive,0,1,14,0.0019487750556792874,0.19,0,0.0,0.0,3,0.00043687199650502403,0.04,4,7.046471479406687e-05,0.01,7,0.00010196055583068721,0.01
hosimm,Head of state immunity,Executive,0,1,7,0.0009743875278396437,0.1,3,0.0005974905397331209,0.06,4,0.000582495995340032,0.06,87,0.0015326075467709545,0.15,94,0.0013691846068692283,0.14
hospow,Head of state powers,Executive,0,1,11,0.0015311804008908685,0.15,12,0.0023899621589324837,0.24,24,0.0034949759720401923,0.35,487,0.008579079026177642,0.86,523,0.007617910099921345,0.76
hosrest,Head of state eligibility,Executive,0,1,53,0.00737750556792873,0.74,12,0.0023899621589324837,0.24,11,0.001601863987185088,0.16,391,0.006887925871120037,0.69,414,0.006030238587700644,0.6
hosstaff,Head of state advisory bodies,Executive,0,1,38,0.005289532293986637,0.53,0,0.0,0.0,0,0.0,0.0,20,0.00035232357397033435,0.04,20,0.00029131587380196346,0.03
hossucc,Head of state replacement,Executive,0,1,2,0.00027839643652561246,0.03,1,0.00019916351324437363,0.02,2,0.000291247997670016,0.03,18,0.00031709121657330094,0.03,21,0.00030588166749206166,0.03
hosterm,Head of state term length,Executive,0,1,16,0.0022271714922048997,0.22,5,0.0009958175662218682,0.1,7,0.0010193679918450561,0.1,170,0.002994750378747842,0.3,182,0.0026509744515978676,0.27
hosterml,Head of state term limits,Executive,0,1,3,0.0004175946547884187,0.04,1,0.00019916351324437363,0.02,1,0.000145623998835008,0.01,94,0.0016559207976605715,0.17,96,0.0013983161942494246,0.14
housenum,Legislature structure,Legislature,0,1,1,0.00013919821826280623,0.01,12,0.0023899621589324837,0.24,20,0.0029124799767001604,0.29,90,0.0015854560828665045,0.16,122,0.0017770268301919771,0.18
hr,Human rights commission,"Rights and Duties,Regulation and Oversight",0,1,4,0.0005567928730512249,0.06,0,0.0,0.0,0,0.0,0.0,0,0.0,0.0,0,0.0,0.0
illadmin,Ultra-vires administrative actions,Judiciary,0,1,2,0.00027839643652561246,0.03,0,0.0,0.0,0,0.0,0.0,0,0.0,0.0,0,0.0,0.0
immunity,Legislator immunity,Legislature,0,1,13,0.001809576837416481,0.18,0,0.0,0.0,0,0.0,0.0,1,1.7616178698516717e-05,0.0,1,1.4565793690098174e-05,0.0
inalrght,Inalienable,Rights and Duties,1,0,1,0.00013919821826280623,0.01,1,0.00019916351324437363,0.02,0,0.0,0.0,2,3.5232357397033434e-05,0.0,3,4.369738107029452e-05,0.0
income,Legislator compensation,Legislature,0,1,11,0.0015311804008908685,0.15,0,0.0,0.0,0,0.0,0.0,0,0.0,0.0,0,0.0,0.0
indcit,Indigenous citizenship,"Rights and Duties,Culture and Identity",0,0,1,0.00013919821826280623,0.01,3,0.0005974905397331209,0.06,0,0.0,0.0,17,0.0002994750378747842,0.03,20,0.00029131587380196346,0.03
indpolgr1,Indigenous vote,"Rights and Duties,Culture and Identity,Elections",0,0,21,0.002923162583518931,0.29,0,0.0,0.0,1,0.000145623998835008,0.01,6,0.00010569707219110031,0.01,7,0.00010196055583068721,0.01
indpolgr2,Indigenous representation,"Rights and Duties,Culture and Identity",0,0,1,0.00013919821826280623,0.01,0,0.0,0.0,2,0.000291247997670016,0.03,0,0.0,0.0,2,2.9131587380196348e-05,0.0
indpolgr3,Indigenous political parties,"Rights and Duties,Culture and Identity,Elections",0,0,0,0.0,0.0,0,0.0,0.0,0,0.0,0.0,0,0.0,0.0,0,0.0,0.0
indpolgr4,Indigenous not pay taxes,"Rights and Duties,Culture and Identity",0,0,1,0.00013919821826280623,0.01,0,0.0,0.0,1,0.000145623998835008,0.01,0,0.0,0.0,1,1.4565793690098174e-05,0.0
indpolgr5,Indigenous illegal activities,"Rights and Duties,Culture and Identity",0,0,0,0.0,0.0,0,0.0,0.0,0,0.0,0.0,0,0.0,0.0,0,0.0,0.0
indpolgr6,Indigenous self governance,"Rights and Duties,Culture and Identity",0,0,1,0.00013919821826280623,0.01,0,0.0,0.0,0,0.0,0.0,3,5.2848536095550154e-05,0.01,3,4.369738107029452e-05,0.0
infoacc,Information,Rights and Duties,1,0,9,0.0012527839643652562,0.13,2,0.00039832702648874725,0.04,3,0.00043687199650502403,0.04,34,0.0005989500757495684,0.06,39,0.0005680659539138288,0.06
initiat,Legislative initiatives,Elections,0,1,8,0.0011135857461024498,0.11,3,0.0005974905397331209,0.06,5,0.0007281199941750401,0.07,9,0.00015854560828665047,0.02,17,0.00024761849273166896,0.02
interp,Constitutional interpretation,Judiciary,0,1,43,0.0059855233853006685,0.6,7,0.0013941445927106153,0.14,15,0.00218435998252512,0.22,178,0.0031356798083359756,0.31,200,0.002913158738019635,0.29
intlaw,International law,International Law,0,1,33,0.004593541202672606,0.46,19,0.003784106751643099,0.38,21,0.0030581039755351682,0.31,141,0.0024838811964908573,0.25,181,0.0026364086579077693,0.26
intorgs,International organizations,International Law,0,1,0,0.0,0.0,0,0.0,0.0,0,0.0,0.0,0,0.0,0.0,0,0.0,0.0
intprop,Intellectual property,Rights and Duties,1,0,18,0.0025055679287305124,0.25,0,0.0,0.0,0,0.0,0.0,1,1.7616178698516717e-05,0.0,1,1.4565793690098174e-05,0.0
intrght,International human rights treaties,International Law,0,1,1,0.00013919821826280623,0.01,3,0.0005974905397331209,0.06,4,0.000582495995340032,0.06,18,0.00031709121657330094,0.03,25,0.00036414484225245436,0.04
invexe,Legislative oversight of the executive,"Executive,Legislature",0,1,4,0.0005567928730512249,0.06,0,0.0,0.0,1,0.000145623998835008,0.01,0,0.0,0.0,1,1.4565793690098174e-05,0.0
jc,Judicial council,"Judiciary,Regulation and Oversight",0,1,4,0.0005567928730512249,0.06,0,0.0,0.0,1,0.000145623998835008,0.01,1,1.7616178698516717e-05,0.0,2,2.9131587380196348e-05,0.0
jointrde,Trade union,Rights and Duties,1,0,21,0.002923162583518931,0.29,5,0.0009958175662218682,0.1,4,0.000582495995340032,0.06,19,0.0003347073952718176,0.03,28,0.00040784222332274886,0.04
jrem,Supreme/ordinary court removal,Judiciary,0,1,61,0.00849109131403118,0.85,2,0.00039832702648874725,0.04,2,0.000291247997670016,0.03,9,0.00015854560828665047,0.02,13,0.00018935531797127625,0.02
judcrts1,Administrative courts,Judiciary,0,1,66,0.009187082405345211,0.92,1,0.00019916351324437363,0.02,2,0.000291247997670016,0.03,17,0.0002994750378747842,0.03,20,0.00029131587380196346,0.03
judcrts2,Constitutional court,Judiciary,0,1,296,0.04120267260579064,4.12,36,0.007169886476797451,0.72,46,0.006698703946410369,0.67,1039,0.01830320966775887,1.83,1121,0.01632825472660005,1.63
judcrts3,Amparo courts,"Rights and Duties,Judiciary",0,1,1,0.00013919821826280623,0.01,0,0.0,0.0,0,0.0,0.0,0,0.0,0.0,0,0.0,0.0
judcrts4,Military courts,"Judiciary,Executive",0,1,42,0.005846325167037862,0.58,8,0.001593308105954989,0.16,18,0.002621231979030144,0.26,74,0.0013035972236902372,0.13,100,0.0014565793690098174,0.15
judcrts5,Courts for judging public officials,Judiciary,0,1,15,0.0020879732739420937,0.21,2,0.00039832702648874725,0.04,3,0.00043687199650502403,0.04,43,0.0007574956840362189,0.08,48,0.0006991580971247123,0.07
judcrts6,Tax courts,Judiciary,0,1,1,0.00013919821826280623,0.01,0,0.0,0.0,0,0.0,0.0,0,0.0,0.0,0,0.0,0.0
judcrts7,Labor courts,Judiciary,0,1,7,0.0009743875278396437,0.1,1,0.00019916351324437363,0.02,2,0.000291247997670016,0.03,8,0.00014092942958813373,0.01,11,0.0001602237305910799,0.02
judcrts8,Religious courts,"Culture and Identity,Judiciary",0,0,0,0.0,0.0,0,0.0,0.0,0,0.0,0.0,0,0.0,0.0,0,0.0,0.0
judind,Judicial independence,Judiciary,0,1,100,0.013919821826280624,1.39,8,0.001593308105954989,0.16,18,0.002621231979030144,0.26,250,0.004404044674629179,0.44,276,0.0040201590584670955,0.4
judprec,Judicial precedent,Judiciary,0,1,162,0.02255011135857461,2.26,0,0.0,0.0,0,0.0,0.0,1,1.7616178698516717e-05,0.0,1,1.4565793690098174e-05,0.0
judretir,Judicial retirement age,Judiciary,0,1,42,0.005846325167037862,0.58,1,0.00019916351324437363,0.02,0,0.0,0.0,8,0.00014092942958813373,0.01,9,0.00013109214321088355,0.01
judsal,Judicial salary and budget,Judiciary,0,1,7,0.0009743875278396437,0.1,0,0.0,0.0,1,0.000145623998835008,0.01,0,0.0,0.0,1,1.4565793690098174e-05,0.0
jury,Jury,Rights and Duties,1,0,5,0.0006959910913140312,0.07,11,0.00219079864568811,0.22,18,0.002621231979030144,0.26,485,0.008543846668780608,0.85,514,0.0074868179567104615,0.75
juvenile,Juvenile privileges in criminal process,Rights and Duties,1,0,3,0.0004175946547884187,0.04,0,0.0,0.0,0,0.0,0.0,0,0.0,0.0,0,0.0,0.0
lang,Official languages,Culture and Identity,0,0,2,0.00027839643652561246,0.03,0,0.0,0.0,0,0.0,0.0,0,0.0,0.0,0,0.0,0.0
langprot,Language protection,Culture and Identity,0,0,0,0.0,0.0,0,0.0,0.0,0,0.0,0.0,0,0.0,0.0,0,0.0,0.0
legapp,Legislation approval,Legislature,0,1,13,0.001809576837416481,0.18,0,0.0,0.0,0,0.0,0.0,0,0.0,0.0,0,0.0,0.0
legdiss,Legislature dismissal,Legislature,0,1,4,0.0005567928730512249,0.06,1,0.00019916351324437363,0.02,1,0.000145623998835008,0.01,17,0.0002994750378747842,0.03,19,0.0002767500801118653,0.03
legini,Legislation initiation,Legislature,0,1,6,0.0008351893095768374,0.08,0,0.0,0.0,0,0.0,0.0,1,1.7616178698516717e-05,0.0,1,1.4565793690098174e-05,0.0
legjoint,Joint legislative session,Legislature,0,1,3,0.0004175946547884187,0.04,0,0.0,0.0,0,0.0,0.0,1,1.7616178698516717e-05,0.0,1,1.4565793690098174e-05,0.0
legrep,Legislator replacement,Legislature,0,1,0,0.0,0.0,0,0.0,0.0,0,0.0,0.0,0,0.0,0.0,0,0.0,0.0
legsupr,Legislation supermajority,Legislature,0,1,0,0.0,0.0,0,0.0,0.0,0,0.0,0.0,0,0.0,0.0,0,0.0,0.0
leisure,Leisure,Rights and Duties,1,0,2,0.00027839643652561246,0.03,0,0.0,0.0,0,0.0,0.0,0,0.0,0.0,0,0.0,0.0
levjud,Judiciary structure,Judiciary,0,1,62,0.008630289532293986,0.86,91,0.018123879705238,1.81,131,0.01907674384738605,1.91,236,0.004157418172849946,0.42,458,0.0066711335100649635,0.67
lhage,First chamber age,Legislature,0,1,4,0.0005567928730512249,0.06,0,0.0,0.0,0,0.0,0.0,0,0.0,0.0,0,0.0,0.0
lhlead,First chamber leader,Legislature,0,1,34,0.004732739420935412,0.47,3,0.0005974905397331209,0.06,4,0.000582495995340032,0.06,44,0.0007751118627347356,0.08,51,0.0007428554781950069,0.07
lhquota,First chamber quota,Legislature,0,1,0,0.0,0.0,0,0.0,0.0,0,0.0,0.0,0,0.0,0.0,0,0.0,0.0
lhrest,First chamber eligibility,Legislature,0,1,24,0.0033407572383073497,0.33,0,0.0,0.0,0,0.0,0.0,2,3.5232357397033434e-05,0.0,2,2.9131587380196348e-05,0.0
lhseats,First chamber size,Legislature,0,1,0,0.0,0.0,0,0.0,0.0,0,0.0,0.0,0,0.0,0.0,0,0.0,0.0
lhselect,First chamber selection,Legislature,0,1,6,0.0008351893095768374,0.08,0,0.0,0.0,1,0.000145623998835008,0.01,2,3.5232357397033434e-05,0.0,3,4.369738107029452e-05,0.0
lhspleg,First chamber policy areas,Legislature,0,1,0,0.0,0.0,0,0.0,0.0,0,0.0,0.0,0,0.0,0.0,0,0.0,0.0
lhterm,First chamber term length,Legislature,0,1,1,0.00013919821826280623,0.01,0,0.0,0.0,0,0.0,0.0,0,0.0,0.0,0,0.0,0.0
lhtrmlim,First chamber term limit,Legislature,0,1,3,0.0004175946547884187,0.04,4,0.0007966540529774945,0.08,0,0.0,0.0,3,5.2848536095550154e-05,0.01,7,0.00010196055583068721,0.01
libel,Reputation,Rights and Duties,1,0,0,0.0,0.0,0,0.0,0.0,0,0.0,0.0,0,0.0,0.0,0,0.0,0.0
life,Life,Rights and Duties,1,0,42,0.005846325167037862,0.58,90,0.017924716191993626,1.79,119,0.017329255861365953,1.73,997,0.01756333016242117,1.76,1206,0.0175663471902584,1.76
marriage,Marriage,Rights and Duties,1,0,0,0.0,0.0,0,0.0,0.0,0,0.0,0.0,0,0.0,0.0,0,0.0,0.0
matequal,Matrimonial equality,Rights and Duties,1,0,39,0.005428730512249443,0.54,2,0.00039832702648874725,0.04,3,0.00043687199650502403,0.04,45,0.0007927280414332523,0.08,50,0.0007282896845049087,0.07
medcom,Media commission,Regulation and Oversight,0,1,0,0.0,0.0,0,0.0,0.0,0,0.0,0.0,0,0.0,0.0,0,0.0,0.0
milcom,Military commander selection,Executive,0,1,0,0.0,0.0,0,0.0,0.0,0,0.0,0.0,0,0.0,0.0,0,0.0,0.0
milrest,Military restrictions,Executive,0,1,4,0.0005567928730512249,0.06,0,0.0,0.0,0,0.0,0.0,1,1.7616178698516717e-05,0.0,1,1.4565793690098174e-05,0.0
milserv,Military service,"Rights and Duties,Executive",0,1,3,0.0004175946547884187,0.04,0,0.0,0.0,0,0.0,0.0,1,1.7616178698516717e-05,0.0,1,1.4565793690098174e-05,0.0
miranda,Self-incrimination,Rights and Duties,1,0,1,0.00013919821826280623,0.01,0,0.0,0.0,0,0.0,0.0,0,0.0,0.0,0,0.0,0.0
motive,Motives for writing constitution,Principles and Symbols,0,0,0,0.0,0.0,0,0.0,0.0,0,0.0,0.0,0,0.0,0.0,0,0.0,0.0
motto,Motto,Principles and Symbols,0,0,1,0.00013919821826280623,0.01,0,0.0,0.0,0,0.0,0.0,0,0.0,0.0,0,0.0,0.0
mun,Municipal government,Federalism,0,1,52,0.007238307349665924,0.72,20,0.003983270264887473,0.4,39,0.005679335954565312,0.57,349,0.006148046365782335,0.61,408,0.005942843825560055,0.59
natcit,Naturalization,Culture and Identity,0,0,65,0.009047884187082406,0.9,0,0.0,0.0,0,0.0,0.0,6,0.00010569707219110031,0.01,6,8.739476214058904e-05,0.01
nomil,Conscientious objection,Rights and Duties,1,0,0,0.0,0.0,0,0.0,0.0,0,0.0,0.0,0,0.0,0.0,0,0.0,0.0
oath,Constitutional oath,Principles and Symbols,0,0,5,0.0006959910913140312,0.07,6,0.0011949810794662419,0.12,14,0.0020387359836901123,0.2,216,0.003805094598879611,0.38,236,0.003437527310863169,0.34
occupate,Occupation,Rights and Duties,1,0,3,0.0004175946547884187,0.04,1,0.00019916351324437363,0.02,0,0.0,0.0,9,0.00015854560828665047,0.02,10,0.00014565793690098173,0.01
offrel,Official religion,Culture and Identity,0,0,1,0.00013919821826280623,0.01,0,0.0,0.0,0,0.0,0.0,1,1.7616178698516717e-05,0.0,1,1.4565793690098174e-05,0.0
ombuds,Ombudsman,"Rights and Duties,Regulation and Oversight",0,1,5,0.0006959910913140312,0.07,0,0.0,0.0,0,0.0,0.0,0,0.0,0.0,0,0.0,0.0
opgroup,Wealth redistribution,Culture and Identity,0,0,0,0.0,0.0,2,0.00039832702648874725,0.04,2,0.000291247997670016,0.03,22,0.0003875559313673678,0.04,26,0.0003787106359425525,0.04
opinion,"Freedom of opinion, thought, and conscience",Rights and Duties,1,0,55,0.007655902004454343,0.77,25,0.004979087831109341,0.5,55,0.00800931993592544,0.8,954,0.01680583447838495,1.68,1034,0.01506103067556151,1.51
ordage,Ordinary court age,Judiciary,0,1,1,0.00013919821826280623,0.01,0,0.0,0.0,0,0.0,0.0,1,1.7616178698516717e-05,0.0,1,1.4565793690098174e-05,0.0
ordres,Ordinary court eligibility,Judiciary,0,1,51,0.007099109131403118,0.71,0,0.0,0.0,0,0.0,0.0,0,0.0,0.0,0,0.0,0.0
ordsel,Ordinary court selection,Judiciary,0,1,15,0.0020879732739420937,0.21,2,0.00039832702648874725,0.04,1,0.000145623998835008,0.01,6,0.00010569707219110031,0.01,9,0.00013109214321088355,0.01
ordterm,Ordinary court term length,Judiciary,0,1,1,0.00013919821826280623,0.01,0,0.0,0.0,0,0.0,0.0,0,0.0,0.0,0,0.0,0.0
ordterml,Ordinary court term limits,Judiciary,0,1,2,0.00027839643652561246,0.03,0,0.0,0.0,0,0.0,0.0,0,0.0,0.0,0,0.0,0.0
orglaw,Organic law,Legislature,0,1,42,0.005846325167037862,0.58,0,0.0,0.0,1,0.000145623998835008,0.01,2,3.5232357397033434e-05,0.0,3,4.369738107029452e-05,0.0
override,Veto override,Legislature,0,1,1,0.00013919821826280623,0.01,0,0.0,0.0,0,0.0,0.0,0,0.0,0.0,0,0.0,0.0
overthrw,Overthrow,Rights and Duties,1,0,4,0.0005567928730512249,0.06,0,0.0,0.0,0,0.0,0.0,4,7.046471479406687e-05,0.01,4,5.8263174760392695e-05,0.01
pardon,Pardon power,Executive,0,1,0,0.0,0.0,0,0.0,0.0,0,0.0,0.0,2,3.5232357397033434e-05,0.0,2,2.9131587380196348e-05,0.0
partprf,Preferred political parties,Elections,0,1,9,0.0012527839643652562,0.13,0,0.0,0.0,0,0.0,0.0,0,0.0,0.0,0,0.0,0.0
partprh,Prohibited political parties,Elections,0,1,10,0.0013919821826280624,0.14,0,0.0,0.0,0,0.0,0.0,0,0.0,0.0,0,0.0,0.0
partreg,Political party restrictions,Elections,0,1,10,0.0013919821826280624,0.14,0,0.0,0.0,0,0.0,0.0,1,1.7616178698516717e-05,0.0,1,1.4565793690098174e-05,0.0
partrght,Political party formation,Elections,0,1,41,0.005707126948775056,0.57,1,0.00019916351324437363,0.02,0,0.0,0.0,6,0.00010569707219110031,0.01,7,0.00010196055583068721,0.01
partunco,Political party regulation,"Elections,Regulation and Oversight",0,1,6,0.0008351893095768374,0.08,2,0.00039832702648874725,0.04,5,0.0007281199941750401,0.07,111,0.0019553958355353557,0.2,118,0.0017187636554315845,0.17
petition,Petition,Rights and Duties,1,0,1,0.00013919821826280623,0.01,0,0.0,0.0,0,0.0,0.0,0,0.0,0.0,0,0.0,0.0
preamble,Preamble,Special Sections,0,0,0,0.0,0.0,0,0.0,0.0,0,0.0,0.0,0,0.0,0.0,0,0.0,0.0
prerel,Pre-trial defense,Rights and Duties,1,0,24,0.0033407572383073497,0.33,0,0.0,0.0,1,0.000145623998835008,0.01,2,3.5232357397033434e-05,0.0,3,4.369738107029452e-05,0.0
presinoc,Presumption of innocence,Rights and Duties,1,0,45,0.00626391982182628,0.63,0,0.0,0.0,0,0.0,0.0,0,0.0,0.0,0,0.0,0.0
press,Freedom of press,Rights and Duties,1,0,70,0.009743875278396437,0.97,32,0.006373232423819956,0.64,36,0.005242463958060288,0.52,232,0.004086953458055879,0.41,300,0.004369738107029452,0.44
prevcond,History,Principles and Symbols,0,0,0,0.0,0.0,0,0.0,0.0,0,0.0,0.0,0,0.0,0.0,0,0.0,0.0
prevlead,Crimes of the previous regime,Principles and Symbols,0,0,8,0.0011135857461024498,0.11,0,0.0,0.0,0,0.0,0.0,0,0.0,0.0,0,0.0,0.0
prisonrg,Prison registry,Rights and Duties,1,0,0,0.0,0.0,0,0.0,0.0,0,0.0,0.0,0,0.0,0.0,0,0.0,0.0
privacy,Privacy,Rights and Duties,1,0,6,0.0008351893095768374,0.08,0,0.0,0.0,0,0.0,0.0,0,0.0,0.0,0,0.0,0.0
profleg,Legislator outside professions,Legislature,0,1,0,0.0,0.0,0,0.0,0.0,0,0.0,0.0,0,0.0,0.0,0,0.0,0.0
proprght,Own property,Rights and Duties,1,0,20,0.0027839643652561247,0.28,0,0.0,0.0,2,0.000291247997670016,0.03,64,0.0011274354367050699,0.11,66,0.0009613423835464794,0.1
provwork,Employment,Rights and Duties,1,0,32,0.004454342984409799,0.45,0,0.0,0.0,0,0.0,0.0,1,1.7616178698516717e-05,0.0,1,1.4565793690098174e-05,0.0
prtyduty,Required political parties,"Rights and Duties,Elections",0,1,59,0.008212694877505568,0.82,0,0.0,0.0,0,0.0,0.0,2,3.5232357397033434e-05,0.0,2,2.9131587380196348e-05,0.0
pubmeet,Public legislative sessions,Legislature,0,1,8,0.0011135857461024498,0.11,0,0.0,0.0,0,0.0,0.0,1,1.7616178698516717e-05,0.0,1,1.4565793690098174e-05,0.0
pubmin,Legislative deliberations,Legislature,0,1,0,0.0,0.0,0,0.0,0.0,0,0.0,0.0,0,0.0,0.0,0,0.0,0.0
pubtri,Public trial,Rights and Duties,1,0,7,0.0009743875278396437,0.1,0,0.0,0.0,1,0.000145623998835008,0.01,11,0.0001937779656836839,0.02,12,0.00017478952428117808,0.02
quorum,Legislative quorum,Legislature,0,1,1,0.00013919821826280623,0.01,0,0.0,0.0,0,0.0,0.0,0,0.0,0.0,0,0.0,0.0
radio,Radio,Regulation and Oversight,0,1,0,0.0,0.0,0,0.0,0.0,0,0.0,0.0,0,0.0,0.0,0,0.0,0.0
recvote,Legislative vote transparency,Legislature,0,1,9,0.0012527839643652562,0.13,0,0.0,0.0,0,0.0,0.0,3,5.2848536095550154e-05,0.01,3,4.369738107029452e-05,0.0
referen,Referenda,Elections,0,1,11,0.0015311804008908685,0.15,0,0.0,0.0,0,0.0,0.0,2,3.5232357397033434e-05,0.0,2,2.9131587380196348e-05,0.0
region,Regional groups,Principles and Symbols,0,0,0,0.0,0.0,0,0.0,0.0,0,0.0,0.0,0,0.0,0.0,0,0.0,0.0
rellaw,Religious law,Culture and Identity,0,0,2,0.00027839643652561246,0.03,3,0.0005974905397331209,0.06,5,0.0007281199941750401,0.07,98,0.0017263855124546384,0.17,106,0.0015439741311504063,0.15
reltax,Tax status of religious organizations,Culture and Identity,0,0,0,0.0,0.0,3,0.0005974905397331209,0.06,3,0.00043687199650502403,0.04,24,0.00042278828876440123,0.04,30,0.0004369738107029452,0.04
remleg,Legislator removal,Legislature,0,1,28,0.0038975501113585748,0.39,1,0.00019916351324437363,0.02,6,0.0008737439930100481,0.09,11,0.0001937779656836839,0.02,18,0.0002621842864217671,0.03
remuner,Equal pay for equal work,Rights and Duties,1,0,30,0.0041759465478841875,0.42,62,0.012348137821151165,1.23,125,0.018202999854376,1.82,1257,0.022143536624035513,2.21,1444,0.02103300608850176,2.1
resenex,Entry or exit restrictions,Culture and Identity,0,0,1,0.00013919821826280623,0.01,0,0.0,0.0,0,0.0,0.0,0,0.0,0.0,0,0.0,0.0
resrce,Natural resources ownership,Principles and Symbols,0,0,4,0.0005567928730512249,0.06,3,0.0005974905397331209,0.06,1,0.000145623998835008,0.01,2,3.5232357397033434e-05,0.0,6,8.739476214058904e-05,0.01
rightres,Rights restrictions,Rights and Duties,1,0,1,0.00013919821826280623,0.01,3,0.0005974905397331209,0.06,1,0.000145623998835008,0.01,7,0.00012331325088961703,0.01,11,0.0001602237305910799,0.02
rulelaw,Rule of law,Rights and Duties,1,0,5,0.0006959910913140312,0.07,20,0.003983270264887473,0.4,21,0.0030581039755351682,0.31,479,0.008438149596589508,0.84,520,0.00757421271885105,0.76
safework,Safe work,Rights and Duties,1,0,0,0.0,0.0,0,0.0,0.0,0,0.0,0.0,1,1.7616178698516717e-05,0.0,1,1.4565793690098174e-05,0.0
science,Science,Principles and Symbols,0,0,3,0.0004175946547884187,0.04,0,0.0,0.0,0,0.0,0.0,5,8.808089349258359e-05,0.01,5,7.282896845049086e-05,0.01
scifree,Scientific benefits,Rights and Duties,1,0,1,0.00013919821826280623,0.01,0,0.0,0.0,0,0.0,0.0,0,0.0,0.0,0,0.0,0.0
seccess,Territory secession,Federalism,0,1,1,0.00013919821826280623,0.01,1,0.00019916351324437363,0.02,0,0.0,0.0,40,0.0007046471479406687,0.07,41,0.0005971975412940251,0.06
selfdet,Self determination,Rights and Duties,1,0,3,0.0004175946547884187,0.04,6,0.0011949810794662419,0.12,8,0.001164991990680064,0.12,134,0.00236056794560124,0.24,148,0.00215573746613453,0.22
seprel,Separation of church and state,Culture and Identity,0,0,15,0.0020879732739420937,0.21,32,0.006373232423819956,0.64,34,0.004951215960390273,0.5,364,0.006412289046260085,0.64,430,0.006263291286742215,0.63
session,Legislative session length,Legislature,0,1,0,0.0,0.0,0,0.0,0.0,0,0.0,0.0,0,0.0,0.0,0,0.0,0.0
shelter,Shelter,Rights and Duties,1,0,1,0.00013919821826280623,0.01,0,0.0,0.0,0,0.0,0.0,2,3.5232357397033434e-05,0.0,2,2.9131587380196348e-05,0.0
slave,Slavery,Rights and Duties,1,0,15,0.0020879732739420937,0.21,0,0.0,0.0,0,0.0,0.0,0,0.0,0.0,0,0.0,0.0
socclas,Social class,Rights and Duties,1,0,0,0.0,0.0,0,0.0,0.0,0,0.0,0.0,1,1.7616178698516717e-05,0.0,1,1.4565793690098174e-05,0.0
socsec,Social security,Rights and Duties,1,0,32,0.004454342984409799,0.45,168,0.03345947022505477,3.35,199,0.028979175768166592,2.9,354,0.006236127259274918,0.62,721,0.010501937250560783,1.05
solid,Fraternity and solidarity,Principles and Symbols,0,0,0,0.0,0.0,64,0.012746464847639912,1.27,96,0.013979903888160769,1.4,194,0.0034175386675122433,0.34,354,0.005156290966294753,0.52
speedtri,Speedy trial,Rights and Duties,1,0,35,0.0048719376391982185,0.49,0,0.0,0.0,0,0.0,0.0,0,0.0,0.0,0,0.0,0.0
spend,Spending law,Legislature,0,1,2,0.00027839643652561246,0.03,0,0.0,0.0,0,0.0,0.0,1,1.7616178698516717e-05,0.0,1,1.4565793690098174e-05,0.0
standliv,Standard of living,Rights and Duties,1,0,0,0.0,0.0,1,0.00019916351324437363,0.02,0,0.0,0.0,6,0.00010569707219110031,0.01,7,0.00010196055583068721,0.01
stdcom,Standing committees,Legislature,0,1,2,0.00027839643652561246,0.03,0,0.0,0.0,0,0.0,0.0,0,0.0,0.0,0,0.0,0.0
strike,Strike,Rights and Duties,1,0,0,0.0,0.0,0,0.0,0.0,0,0.0,0.0,1,1.7616178698516717e-05,0.0,1,1.4565793690098174e-05,0.0
sub,Subsidiary unit government,Federalism,0,1,24,0.0033407572383073497,0.33,9,0.0017924716191993627,0.18,10,0.0014562399883500802,0.15,125,0.0022020223373145895,0.22,144,0.002097474291374137,0.21
suppow,Supreme court powers,Judiciary,0,1,407,0.05665367483296214,5.67,190,0.03784106751643099,3.78,248,0.036114751711081985,3.61,1444,0.02543776204065814,2.54,1882,0.02741282372476476,2.74
system,Government system,Principles and Symbols,0,0,9,0.0012527839643652562,0.13,40,0.007966540529774946,0.8,25,0.0036405999708752,0.36,238,0.004192650530246979,0.42,303,0.004413435488099747,0.44
tax,Tax law,Legislature,0,1,6,0.0008351893095768374,0.08,0,0.0,0.0,0,0.0,0.0,4,7.046471479406687e-05,0.01,4,5.8263174760392695e-05,0.01
taxes,Taxes requirement,Rights and Duties,1,0,5,0.0006959910913140312,0.07,16,0.003186616211909978,0.32,18,0.002621231979030144,0.26,168,0.0029595180213508087,0.3,202,0.002942290325399831,0.29
telecom,Telecommunications,Regulation and Oversight,0,1,4,0.0005567928730512249,0.06,0,0.0,0.0,0,0.0,0.0,0,0.0,0.0,0,0.0,0.0
terror,Terrorism,Executive,0,1,2,0.00027839643652561246,0.03,0,0.0,0.0,0,0.0,0.0,0,0.0,0.0,0,0.0,0.0
torture,Torture,Rights and Duties,1,0,14,0.0019487750556792874,0.19,0,0.0,0.0,0,0.0,0.0,0,0.0,0.0,0,0.0,0.0
tranprov,Transition,Special Sections,0,0,0,0.0,0.0,0,0.0,0.0,0,0.0,0.0,0,0.0,0.0,0,0.0,0.0
transfer,Transfer property,Rights and Duties,1,0,5,0.0006959910913140312,0.07,0,0.0,0.0,0,0.0,0.0,0,0.0,0.0,0,0.0,0.0
treat,Treaty ratification,International Law,0,1,12,0.0016703786191536749,0.17,0,0.0,0.0,0,0.0,0.0,1,1.7616178698516717e-05,0.0,1,1.4565793690098174e-05,0.0
treatcon,Treaty legal status,International Law,0,1,0,0.0,0.0,0,0.0,0.0,0,0.0,0.0,0,0.0,0.0,0,0.0,0.0
trilang,Trial in native language of accused,"Rights and Duties,Culture and Identity",0,0,51,0.007099109131403118,0.71,0,0.0,0.0,0,0.0,0.0,0,0.0,0.0,0,0.0,0.0
truthcom,Truth and reconciliation commission,Regulation and Oversight,0,1,0,0.0,0.0,0,0.0,0.0,0,0.0,0.0,0,0.0,0.0,0,0.0,0.0
tv,Television,Regulation and Oversight,0,1,0,0.0,0.0,0,0.0,0.0,0,0.0,0.0,0,0.0,0.0,0,0.0,0.0
uhage,Second chamber age,Legislature,0,1,0,0.0,0.0,0,0.0,0.0,0,0.0,0.0,0,0.0,0.0,0,0.0,0.0
uhlead,Second chamber leader,Legislature,0,1,24,0.0033407572383073497,0.33,0,0.0,0.0,0,0.0,0.0,3,5.2848536095550154e-05,0.01,3,4.369738107029452e-05,0.0
uhquota,Second chamber quota,Legislature,0,1,1,0.00013919821826280623,0.01,0,0.0,0.0,0,0.0,0.0,0,0.0,0.0,0,0.0,0.0
uhrest,Second chamber eligibility,Legislature,0,1,0,0.0,0.0,0,0.0,0.0,0,0.0,0.0,0,0.0,0.0,0,0.0,0.0
uhseats,Second chamber size,Legislature,0,1,0,0.0,0.0,0,0.0,0.0,0,0.0,0.0,0,0.0,0.0,0,0.0,0.0
uhselect,Second chamber selection,Legislature,0,1,7,0.0009743875278396437,0.1,0,0.0,0.0,0,0.0,0.0,0,0.0,0.0,0,0.0,0.0
uhspleg,Second chamber policy areas,Legislature,0,1,0,0.0,0.0,0,0.0,0.0,0,0.0,0.0,0,0.0,0.0,0,0.0,0.0
uhterm,Second chamber term length,Legislature,0,1,1,0.00013919821826280623,0.01,0,0.0,0.0,0,0.0,0.0,0,0.0,0.0,0,0.0,0.0
uhtrmlim,Second chamber term limits,Legislature,0,1,5,0.0006959910913140312,0.07,1,0.00019916351324437363,0.02,0,0.0,0.0,4,7.046471479406687e-05,0.01,5,7.282896845049086e-05,0.01
unamend,Unamendable,Amendment,0,1,1,0.00013919821826280623,0.01,3,0.0005974905397331209,0.06,0,0.0,0.0,5,8.808089349258359e-05,0.01,8,0.00011652634952078539,0.01
uncon,Constitutionality of legislation,Judiciary,0,1,16,0.0022271714922048997,0.22,0,0.0,0.0,0,0.0,0.0,4,7.046471479406687e-05,0.01,4,5.8263174760392695e-05,0.01
vicright,Victims,Rights and Duties,1,0,0,0.0,0.0,0,0.0,0.0,0,0.0,0.0,2,3.5232357397033434e-05,0.0,2,2.9131587380196348e-05,0.0
votemin,Voting age,Elections,0,1,12,0.0016703786191536749,0.17,6,0.0011949810794662419,0.12,3,0.00043687199650502403,0.04,37,0.0006517986118451186,0.07,46,0.000670026509744516,0.07
voteres,Voting restrictions,Elections,0,1,2,0.00027839643652561246,0.03,0,0.0,0.0,0,0.0,0.0,1,1.7616178698516717e-05,0.0,1,1.4565793690098174e-05,0.0
voteun,Universal suffrage,"Rights and Duties,Elections",0,1,34,0.004732739420935412,0.47,8,0.001593308105954989,0.16,14,0.0020387359836901123,0.2,206,0.0036289328118944437,0.36,228,0.0033210009613423835,0.33
war,War,"International Law,Executive",0,1,34,0.004732739420935412,0.47,0,0.0,0.0,0,0.0,0.0,0,0.0,0.0,0,0.0,0.0
wolaw,No punishment without law,Rights and Duties,1,0,44,0.006124721603563474,0.61,1,0.00019916351324437363,0.02,0,0.0,0.0,25,0.00044040446746291796,0.04,26,0.0003787106359425525,0.04
work,Work requirement,Rights and Duties,1,0,34,0.004732739420935412,0.47,1,0.00019916351324437363,0.02,0,0.0,0.0,0,0.0,0.0,1,1.4565793690098174e-05,0.0
